UVM_INFO /lan/dsoft/pcie/ulasala/lbb_credit/verif/uvc_lib/cdn_pcie_hls_bridge/sv/cdn_pcie_hls_bridge_monitor.sv(1656) @ 138500: uvm_test_top.sve.m_env_mon [[cdn_pcie_hls_bridge_monitor][main_phase][process_hls_ib_nonposted_hal_pkt_ended][QOS_NONPOSTED_AXI]] NonPosted TLP to QOS AP via AXI: port=0 stream=4
UVM_INFO /lan/dsoft/pcie/ulasala/lbb_credit/verif/uvc_lib/cdn_pcie_hls_bridge/sv/cdn_pcie_hls_bridge_monitor.sv(1661) @ 138500: uvm_test_top.sve.m_env_mon [QOS_EXP_AXI] NONPOSTED AXI: port=0 stream=4 group=28 expected=1
UVM_INFO /s/scratch06/pcie/vipcat_nightly/vipcat_11.30.112-29_Jun_2026_11_48_52/tools.lnx86/denali_64bit/ddvapi/sv/uvm/stream/cdnStreamUvmDriver.sv(93) @ 138500: uvm_test_top.sve.m_qos_mst_env[0].act_agent.driver [DRIVER] Queueing transaction:
-------------------------------------------------------------------------------------------------------------------------
Name                           Type                           Size  Value                                                
-------------------------------------------------------------------------------------------------------------------------
stream_trans                   denaliStreamTransaction        -     @4143043                                             
  Type                         denaliStreamTrTypeT            32    DENALI_STREAM_TR_Transfer                            
  PortNum                      integral                       32    'h0xxxxxxxx                                          
  Callback                     denaliStreamCbPointT           32    DENALI_STREAM_CB_UNSET                               
  ErrorString                  string                         0     ""                                                   
  ErrorId                      denaliStreamErrorTypeT         32    STREAM_UNSET                                         
  ErrorInfo                    integral                       32    'h0xxxxxxxx                                          
  UserData                     integral                       32    'hd5f01104                                           
  Delay                        integral                       32    'h0                                                  
  Id                           integral                       8     'ha9                                                 
  Dest                         integral                       8     'hdd                                                 
  Length                       integral                       32    'h1                                                  
  StreamKind                   denaliStreamKindT              32    DENALI_STREAM_KIND_BYTE                              
  IsStarted                    integral                       1     'h1                                                  
  IsEnded                      integral                       1     'h0                                                  
  Duration                     integral                       32    'h7e26501f                                           
  TransfersChannelDelay        da(integral)                   1     -                                                    
    [0]                        integral                       32    'h0                                                  
  PacketData                   da(integral)                   3     -                                                    
    [0]                        integral                       8     'h1                                                  
    [1]                        integral                       8     'h60                                                 
    [2]                        integral                       8     'h2                                                  
  TstrbArray                   da(integral)                   3     -                                                    
    [0]                        integral                       1     'h0                                                  
    [1]                        integral                       1     'h1                                                  
    [2]                        integral                       1     'h0                                                  
  TkeepArray                   da(integral)                   3     -                                                    
    [0]                        integral                       1     'h0                                                  
    [1]                        integral                       1     'h1                                                  
    [2]                        integral                       1     'h0                                                  
  TuserArray                   da(integral)                   4     -                                                    
    [0]                        integral                       8     'hf                                                  
    [1]                        integral                       8     'ha                                                  
    [2]                        integral                       8     'he                                                  
    [3]                        integral                       8     'h2                                                  
  ChannelDelay                 integral                       32    'h0                                                  
  Tdata                        da(integral)                   0     -                                                    
  Tstrb                        da(integral)                   0     -                                                    
  Tkeep                        da(integral)                   0     -                                                    
  Tlast                        integral                       1     'h1                                                  
  Tuser                        da(integral)                   0     -                                                    
  Position                     denaliStreamTransferPositionT  32    DENALI_STREAM_TRANSFERPOSITION_UNSET                 
  IsDiscarded                  integral                       1     'h0                                                  
  Tx                           integral                       1     'h1                                                  
  IdWide                       integral                       16    'h9e8c                                               
  DestWide                     integral                       16    'h57ee                                               
  begin_time                   time                           64    138500                                               
  depth                        int                            32    'd3                                                  
  parent sequence (name)       string                         16    l_qos_stream_seq                                     
  parent sequence (full name)  string                         42    uvm_test_top.m_vseqr.vseq.l_qos_stream_seq           
  sequencer                    string                         53    uvm_test_top.sve.m_qos_mst_env[0].act_agent.sequencer
-------------------------------------------------------------------------------------------------------------------------


UVM_INFO /lan/dsoft/pcie/ulasala/lbb_credit/verif/uvc_lib/cdn_pcie_hls_bridge/sv/cdn_pcie_hls_bridge_monitor.sv(3042) @ 139500: uvm_test_top.sve.m_env_mon [[cdn_pcie_hls_bridge_monitor][main_phase][process_hls_ib_nonposted_hal_pkt_ended]] Expected IB NonPosted CXS:
 -----------------------------------------------------------------------------------------
Name                        Type                        Size  Value                      
-----------------------------------------------------------------------------------------
denaliCxsTransaction        denaliCxsTransaction        -     @4143051                   
  Type                      denaliCxsTrTypeT            32    DENALI_CXS_TR_PktTx        
  DataSizeInBits            integral                    32    'h0xxxxxxxx                
  PortNum                   integral                    32    'h0xxxxxxxx                
  Callback                  denaliCxsCbPointT           32    DENALI_CXS_CB_PktEnded     
  ErrorString               string                      0     ""                         
  ErrorId                   denaliCxsErrorTypeT         32    DENALI_CXS_NO_ERROR        
  ErrorInfo                 integral                    32    'h0xxxxxxxx                
  UserData                  integral                    32    'h0xxxxxxxx                
  Delay                     integral                    32    'h0xxxxxxxx                
  DataPerPktTx              da(integral)                28    -                          
    [0]                     integral                    8     'h8e                       
    [1]                     integral                    8     'hf3                       
    [2]                     integral                    8     'h92                       
    [3]                     integral                    8     'hc0                       
    [4]                     integral                    8     'h8d                       
    ...                     ...                         ...   ...                        
    [23]                    integral                    8     'h9                        
    [24]                    integral                    8     'h80                       
    [25]                    integral                    8     'h0                        
    [26]                    integral                    8     'h0                        
    [27]                    integral                    8     'hff                       
  DataPerPktRx              da(integral)                0     -                          
  FlitDataTx                da(integral)                0     -                          
  FlitDataRx                da(integral)                0     -                          
  DataChkTx                 da(integral)                0     -                          
  DataChkRx                 da(integral)                0     -                          
  ControlChkTx              integral                    8     'h0xx                      
  ControlChkRx              integral                    8     'h0xx                      
  Data                      da(integral)                0     -                          
  CurStartPtrsTx            da(integral)                0     -                          
  CurEndPtrsTx              da(integral)                0     -                          
  CurEndPktSizeTx           da(integral)                0     -                          
  CurEndErrsTx              integral                    4     'h0x                       
  CurEndErrTx               integral                    1     'h0                        
  CurStartPtrsRx            da(integral)                0     -                          
  CurEndPtrsRx              da(integral)                0     -                          
  CurEndPktSizeRx           da(integral)                0     -                          
  CurEndErrsRx              integral                    4     'h0x                       
  CurEndErrRx               integral                    1     'h0X                       
  CurStartPtrTx             integral                    32    'h10                       
  CurEndPtrTx               integral                    32    'hb                        
  CurPktLengthTx            integral                    32    'h1c                       
  CurStartPtrRx             integral                    32    'h0xxxxxxxx                
  CurEndPtrRx               integral                    32    'h0xxxxxxxx                
  CurPktLengthRx            integral                    32    'h0xxxxxxxx                
  CurStartedPktTx           integral                    4     'h1                        
  CurEndedPktTx             integral                    4     'h1                        
  CurStartedPktRx           integral                    4     'h0x                       
  CurEndedPktRx             integral                    4     'h0x                       
  Start                     da(integral)                0     -                          
  StartPtrs0                da(integral)                0     -                          
  StartPtrs1                da(integral)                0     -                          
  StartPtrs2                da(integral)                0     -                          
  StartPtrs3                da(integral)                0     -                          
  End                       da(integral)                0     -                          
  EndPtrs0                  da(integral)                0     -                          
  EndPtrs1                  da(integral)                0     -                          
  EndPtrs2                  da(integral)                0     -                          
  EndPtrs3                  da(integral)                0     -                          
  NumOfBeatsPerTransaction  integral                    32    'h0xxxxxxxx                
  DataWidth                 integral                    32    'h0xxxxxxxx                
  MinCrdToValidDelay        integral                    32    'h0xxxxxxxx                
  MaxCrdToValidDelay        integral                    32    'h0xxxxxxxx                
  MaxPktLength              integral                    32    'h0xxxxxxxx                
  MinPktLength              integral                    32    'h0xxxxxxxx                
  MaxPktsPerBeat            integral                    4     'h0x                       
  NumOfBytesInBeat          integral                    32    'h0xxxxxxxx                
  ValidDelay                integral                    32    'h0xxxxxxxx                
  NumOfPkts                 integral                    32    'h0xxxxxxxx                
  EndErrs                   da(integral)                0     -                          
  PktsErrs                  da(integral)                0     -                          
  PktSize                   da(integral)                0     -                          
  Pkt0EopPtr                integral                    5     'h0Xx                      
  Pkt0Err                   integral                    1     'h0X                       
  Pkt1Sop                   integral                    1     'h0X                       
  Pkt1SopPtr                integral                    3     'h0X                       
  Pkt1Eop                   integral                    1     'h0X                       
  Pkt1EopPtr                integral                    5     'h0Xx                      
  Pkt1Err                   integral                    1     'h0X                       
  ActDeactReq               integral                    1     'h0X                       
  ActDeactAck               integral                    1     'h0X                       
  ActDeactHint              integral                    1     'h0X                       
  CreditToValidDelay        integral                    32    'h0xxxxxxxx                
  PerBeatDelay              da(integral)                0     -                          
  PktStartTime              integral                    64    'h21d04                    
  PktEndTime                integral                    64    'h220ec                    
  PktStartTimeRx            integral                    64    'hx                        
  PktEndTimeRx              integral                    64    'hx                        
  StartedPerFlitTx          integral                    4     'h0x                       
  EndedPerFlitTx            integral                    4     'h0x                       
  StartedPerFlitRx          integral                    4     'h0x                       
  EndedPerFlitRx            integral                    4     'h0x                       
  UserControl               da(integral)                14    -                          
    [0]                     integral                    8     'h5                        
    [1]                     integral                    8     'h3                        
    [2]                     integral                    8     'h0                        
    [3]                     integral                    8     'hf1                       
    [4]                     integral                    8     'h7f                       
    ...                     ...                         ...   ...                        
    [9]                     integral                    8     'h8d                       
    [10]                    integral                    8     'he1                       
    [11]                    integral                    8     'h36                       
    [12]                    integral                    8     'h6                        
    [13]                    integral                    8     'h2                        
  UserControlWidth          integral                    32    'h0xxxxxxxx                
  UserControlChk            da(integral)                0     -                          
  SopGranularityVal         integral                    32    'h0xxxxxxxx                
  FlitControlTx             da(integral)                0     -                          
  FlitControlRx             da(integral)                0     -                          
  FlitEndedErr              denaliCxsFlitEndedErrTypeT  32    DENALI_CXS_FLIT_ENDED_UNSET
  PktGap                    da(integral)                0     -                          
  FlitProtocolType          da(integral)                0     -                          
  FlitProtocolTypeChk       da(integral)                0     -                          
  FlitLast                  da(integral)                0     -                          
  FlitLastChk               da(integral)                0     -                          
  UserControlAtEndFlag      da(integral)                0     -                          
  HasUserControl            integral                    1     'h0X                       
  HasUserControlAtEndFlag   integral                    1     'h0X                       
  ProtocolType              da(integral)                1     -                          
    [0]                     integral                    3     'h0                        
  PktSrcId                  da(integral)                0     -                          
  SrcId                     integral                    8     'h0xx                      
  PktTgtId                  da(integral)                0     -                          
  TgtId                     integral                    8     'h0xx                      
  PktUser                   da(integral)                0     -                          
  User                      da(integral)                0     -                          
-----------------------------------------------------------------------------------------

UVM_INFO /lan/dsoft/pcie/ulasala/lbb_credit/verif/uvc_lib/cdn_pcie_tlp/cdn_hpa_pcie_tlp.sv(9970) @ 139500: reporter@@tlp_pkt [tlp_pkt] Calling do unpack for tlp_pkt 
UVM_INFO /lan/dsoft/pcie/ulasala/lbb_credit/verif/uvc_lib/cdn_pcie_tlp/cdn_hpa_pcie_tlp.sv(9975) @ 139500: reporter@@tlp_pkt [cdn_hpa_pcie_tlp] Unpacking '{'h8e, 'hf3, 'h92, 'hc0, 'h8d, 'h0, 'h0, 'h0, 'h20, 'h61, 'h0, 'h10, 'h39, 'h1, 'h1, 'h8a, 'hfb, 'h6f, 'hfb, 'hb0, 'h4a, 'h3, 'h60, 'h9, 'h80, 'h0, 'h0, 'hff} 
UVM_INFO /lan/dsoft/pcie/ulasala/lbb_credit/verif/uvc_lib/cdn_pcie_tlp/cdn_hpa_pcie_tlp.sv(9982) @ 139500: reporter@@tlp_pkt [tlp_pkt] temp[31:29]=100
UVM_INFO /lan/dsoft/pcie/ulasala/lbb_credit/verif/uvc_lib/cdn_pcie_tlp/cdn_hpa_pcie_tlp.sv(9982) @ 139500: reporter@@tlp_pkt [tlp_pkt] temp[31:29]=100
UVM_INFO /lan/dsoft/pcie/ulasala/lbb_credit/verif/uvc_lib/cdn_pcie_tlp/cdn_hpa_pcie_tlp.sv(10050) @ 139500: reporter@@tlp_pkt [tlp_pkt] m_tlp_local_prefix_data=0
UVM_INFO /lan/dsoft/pcie/ulasala/lbb_credit/verif/uvc_lib/cdn_pcie_tlp/cdn_hpa_pcie_tlp.sv(9982) @ 139500: reporter@@tlp_pkt [tlp_pkt] temp[31:29]=1
UVM_INFO /lan/dsoft/pcie/ulasala/lbb_credit/verif/uvc_lib/cdn_pcie_tlp/cdn_hpa_pcie_tlp.sv(10122) @ 139500: reporter@@tlp_pkt [cdn_hpa_pcie_tlp] m_hdr_fmt=1
UVM_INFO /lan/dsoft/pcie/ulasala/lbb_credit/verif/uvc_lib/cdn_pcie_tlp/cdn_hpa_pcie_tlp.sv(10168) @ 139500: reporter@@tlp_pkt [cdn_hpa_pcie_tlp] Unpacking First DW is common for all TLPs
UVM_INFO /lan/dsoft/pcie/ulasala/lbb_credit/verif/uvc_lib/cdn_pcie_tlp/cdn_hpa_pcie_tlp.sv(10171) @ 139500: reporter@@tlp_pkt [cdn_hpa_pcie_tlp] m_hdr_type=0
UVM_INFO /lan/dsoft/pcie/ulasala/lbb_credit/verif/uvc_lib/cdn_pcie_tlp/cdn_hpa_pcie_tlp.sv(10409) @ 139500: reporter@@tlp_pkt [cdn_hpa_pcie_tlp] m_ohc_hdr=1
UVM_INFO /lan/dsoft/pcie/ulasala/lbb_credit/verif/uvc_lib/cdn_pcie_tlp/cdn_hpa_pcie_tlp.sv(10438) @ 139500: reporter@@tlp_pkt [cdn_hpa_pcie_tlp] Unpacking Second DW is common for all TLPs
UVM_INFO /lan/dsoft/pcie/ulasala/lbb_credit/verif/uvc_lib/cdn_pcie_tlp/cdn_hpa_pcie_tlp.sv(10544) @ 139500: reporter@@tlp_pkt [cdn_hpa_pcie_tlp] Unpacking Third & Fourth DW is common for all TLPs
UVM_INFO /lan/dsoft/pcie/ulasala/lbb_credit/verif/uvc_lib/cdn_pcie_tlp/cdn_hpa_pcie_tlp.sv(10849) @ 139500: reporter@@tlp_pkt [cdn_hpa_pcie_tlp] m_tlp_trans_type=CDN_HPA_PCIE_TRANS_MEM_TYPE
UVM_INFO /lan/dsoft/pcie/ulasala/lbb_credit/verif/uvc_lib/cdn_pcie_tlp/cdn_hpa_pcie_tlp.sv(10858) @ 139500: reporter@@tlp_pkt [cdn_hpa_pcie_tlp] Unpacking ohc_a_present
UVM_INFO /lan/dsoft/pcie/ulasala/lbb_credit/verif/uvc_lib/cdn_pcie_tlp/cdn_hpa_pcie_tlp.sv(11099) @ 139500: reporter@@tlp_pkt [cdn_hpa_pcie_tlp] Unpacking payload
UVM_INFO /lan/dsoft/pcie/ulasala/lbb_credit/verif/uvc_lib/cdn_pcie_tlp/cdn_hpa_pcie_tlp.sv(11147) @ 139500: reporter@@tlp_pkt [cdn_hpa_pcie_tlp] Unpacking trailer
UVM_INFO /lan/dsoft/pcie/ulasala/lbb_credit/verif/uvc_lib/cdn_pcie_hls_bridge/sv/cdn_pcie_hls_bridge_monitor.sv(3273) @ 139500: uvm_test_top.sve.m_env_mon [[cdn_pcie_hls_bridge_monitor][main_phase][process_hls_ib_nonposted_hal_pkt_ended][predict_ib_pkt_routing]] Predicted CDN_HPA_PCIE_TRANS_NON_POSTED_REQ TLP ROUTE_TO_AXI Port 0.
UVM_INFO /lan/dsoft/pcie/ulasala/lbb_credit/verif/uvc_lib/cdn_pcie_hls_bridge/sv/cdn_pcie_hls_bridge_monitor.sv(1656) @ 139500: uvm_test_top.sve.m_env_mon [[cdn_pcie_hls_bridge_monitor][main_phase][process_hls_ib_nonposted_hal_pkt_ended][QOS_NONPOSTED_AXI]] NonPosted TLP to QOS AP via AXI: port=0 stream=5
UVM_INFO /lan/dsoft/pcie/ulasala/lbb_credit/verif/uvc_lib/cdn_pcie_hls_bridge/sv/cdn_pcie_hls_bridge_monitor.sv(1661) @ 139500: uvm_test_top.sve.m_env_mon [QOS_EXP_AXI] NONPOSTED AXI: port=0 stream=5 group=29 expected=1
UVM_INFO /lan/dsoft/pcie/ulasala/lbb_credit/verif/uvc_lib/cdn_pcie_hls_bridge/sv/cdn_pcie_hls_bridge_monitor.sv(3042) @ 139500: uvm_test_top.sve.m_env_mon [[cdn_pcie_hls_bridge_monitor][main_phase][process_hls_ib_posted_hal_pkt_ended]] Expected IB Posted CXS:
 -----------------------------------------------------------------------------------------
Name                        Type                        Size  Value                      
-----------------------------------------------------------------------------------------
denaliCxsTransaction        denaliCxsTransaction        -     @4144486                   
  Type                      denaliCxsTrTypeT            32    DENALI_CXS_TR_PktTx        
  DataSizeInBits            integral                    32    'h0xxxxxxxx                
  PortNum                   integral                    32    'h0xxxxxxxx                
  Callback                  denaliCxsCbPointT           32    DENALI_CXS_CB_PktEnded     
  ErrorString               string                      0     ""                         
  ErrorId                   denaliCxsErrorTypeT         32    DENALI_CXS_NO_ERROR        
  ErrorInfo                 integral                    32    'h0xxxxxxxx                
  UserData                  integral                    32    'h0xxxxxxxx                
  Delay                     integral                    32    'h0xxxxxxxx                
  DataPerPktTx              da(integral)                52    -                          
    [0]                     integral                    8     'h8e                       
    [1]                     integral                    8     'hb4                       
    [2]                     integral                    8     'h8                        
    [3]                     integral                    8     'h59                       
    [4]                     integral                    8     'h60                       
    ...                     ...                         ...   ...                        
    [47]                    integral                    8     'h9d                       
    [48]                    integral                    8     'hbf                       
    [49]                    integral                    8     'he0                       
    [50]                    integral                    8     'h5d                       
    [51]                    integral                    8     'h78                       
  DataPerPktRx              da(integral)                0     -                          
  FlitDataTx                da(integral)                0     -                          
  FlitDataRx                da(integral)                0     -                          
  DataChkTx                 da(integral)                0     -                          
  DataChkRx                 da(integral)                0     -                          
  ControlChkTx              integral                    8     'h0xx                      
  ControlChkRx              integral                    8     'h0xx                      
  Data                      da(integral)                0     -                          
  CurStartPtrsTx            da(integral)                0     -                          
  CurEndPtrsTx              da(integral)                0     -                          
  CurEndPktSizeTx           da(integral)                0     -                          
  CurEndErrsTx              integral                    4     'h0x                       
  CurEndErrTx               integral                    1     'h0                        
  CurStartPtrsRx            da(integral)                0     -                          
  CurEndPtrsRx              da(integral)                0     -                          
  CurEndPktSizeRx           da(integral)                0     -                          
  CurEndErrsRx              integral                    4     'h0x                       
  CurEndErrRx               integral                    1     'h0X                       
  CurStartPtrTx             integral                    32    'h0                        
  CurEndPtrTx               integral                    32    'h13                       
  CurPktLengthTx            integral                    32    'h34                       
  CurStartPtrRx             integral                    32    'h0xxxxxxxx                
  CurEndPtrRx               integral                    32    'h0xxxxxxxx                
  CurPktLengthRx            integral                    32    'h0xxxxxxxx                
  CurStartedPktTx           integral                    4     'h1                        
  CurEndedPktTx             integral                    4     'h1                        
  CurStartedPktRx           integral                    4     'h0x                       
  CurEndedPktRx             integral                    4     'h0x                       
  Start                     da(integral)                0     -                          
  StartPtrs0                da(integral)                0     -                          
  StartPtrs1                da(integral)                0     -                          
  StartPtrs2                da(integral)                0     -                          
  StartPtrs3                da(integral)                0     -                          
  End                       da(integral)                0     -                          
  EndPtrs0                  da(integral)                0     -                          
  EndPtrs1                  da(integral)                0     -                          
  EndPtrs2                  da(integral)                0     -                          
  EndPtrs3                  da(integral)                0     -                          
  NumOfBeatsPerTransaction  integral                    32    'h0xxxxxxxx                
  DataWidth                 integral                    32    'h0xxxxxxxx                
  MinCrdToValidDelay        integral                    32    'h0xxxxxxxx                
  MaxCrdToValidDelay        integral                    32    'h0xxxxxxxx                
  MaxPktLength              integral                    32    'h0xxxxxxxx                
  MinPktLength              integral                    32    'h0xxxxxxxx                
  MaxPktsPerBeat            integral                    4     'h0x                       
  NumOfBytesInBeat          integral                    32    'h0xxxxxxxx                
  ValidDelay                integral                    32    'h0xxxxxxxx                
  NumOfPkts                 integral                    32    'h0xxxxxxxx                
  EndErrs                   da(integral)                0     -                          
  PktsErrs                  da(integral)                0     -                          
  PktSize                   da(integral)                0     -                          
  Pkt0EopPtr                integral                    5     'h0Xx                      
  Pkt0Err                   integral                    1     'h0X                       
  Pkt1Sop                   integral                    1     'h0X                       
  Pkt1SopPtr                integral                    3     'h0X                       
  Pkt1Eop                   integral                    1     'h0X                       
  Pkt1EopPtr                integral                    5     'h0Xx                      
  Pkt1Err                   integral                    1     'h0X                       
  ActDeactReq               integral                    1     'h0X                       
  ActDeactAck               integral                    1     'h0X                       
  ActDeactHint              integral                    1     'h0X                       
  CreditToValidDelay        integral                    32    'h0xxxxxxxx                
  PerBeatDelay              da(integral)                0     -                          
  PktStartTime              integral                    64    'h21d04                    
  PktEndTime                integral                    64    'h220ec                    
  PktStartTimeRx            integral                    64    'hx                        
  PktEndTimeRx              integral                    64    'hx                        
  StartedPerFlitTx          integral                    4     'h0x                       
  EndedPerFlitTx            integral                    4     'h0x                       
  StartedPerFlitRx          integral                    4     'h0x                       
  EndedPerFlitRx            integral                    4     'h0x                       
  UserControl               da(integral)                14    -                          
    [0]                     integral                    8     'h2                        
    [1]                     integral                    8     'h7                        
    [2]                     integral                    8     'h0                        
    [3]                     integral                    8     'hf0                       
    [4]                     integral                    8     'hff                       
    ...                     ...                         ...   ...                        
    [9]                     integral                    8     'h2d                       
    [10]                    integral                    8     'hbc                       
    [11]                    integral                    8     'h4a                       
    [12]                    integral                    8     'h4b                       
    [13]                    integral                    8     'h7                        
  UserControlWidth          integral                    32    'h0xxxxxxxx                
  UserControlChk            da(integral)                0     -                          
  SopGranularityVal         integral                    32    'h0xxxxxxxx                
  FlitControlTx             da(integral)                0     -                          
  FlitControlRx             da(integral)                0     -                          
  FlitEndedErr              denaliCxsFlitEndedErrTypeT  32    DENALI_CXS_FLIT_ENDED_UNSET
  PktGap                    da(integral)                0     -                          
  FlitProtocolType          da(integral)                0     -                          
  FlitProtocolTypeChk       da(integral)                0     -                          
  FlitLast                  da(integral)                0     -                          
  FlitLastChk               da(integral)                0     -                          
  UserControlAtEndFlag      da(integral)                0     -                          
  HasUserControl            integral                    1     'h0X                       
  HasUserControlAtEndFlag   integral                    1     'h0X                       
  ProtocolType              da(integral)                1     -                          
    [0]                     integral                    3     'h0                        
  PktSrcId                  da(integral)                0     -                          
  SrcId                     integral                    8     'h0xx                      
  PktTgtId                  da(integral)                0     -                          
  TgtId                     integral                    8     'h0xx                      
  PktUser                   da(integral)                0     -                          
  User                      da(integral)                0     -                          
-----------------------------------------------------------------------------------------

UVM_INFO /lan/dsoft/pcie/ulasala/lbb_credit/verif/uvc_lib/cdn_pcie_tlp/cdn_hpa_pcie_tlp.sv(9970) @ 139500: reporter@@tlp_pkt [tlp_pkt] Calling do unpack for tlp_pkt 
UVM_INFO /lan/dsoft/pcie/ulasala/lbb_credit/verif/uvc_lib/cdn_pcie_tlp/cdn_hpa_pcie_tlp.sv(9975) @ 139500: reporter@@tlp_pkt [cdn_hpa_pcie_tlp] Unpacking '{'h8e, 'hb4, 'h8, 'h59, 'h60, 'h7b, 'h8, 'h2, 'h39, 'h1, 'h0, 'h0, 'hf0, 'h0, 'h0, 'h0, 'h0, 'h0, 'h10, 'h2, 'h40, 'h0, 'h1f, 'hb8, 'h0, 'h0, 'h0, 'h50, 'h1f, 'h9e, 'hee, 'h7d, 'h1f, 'hab, 'h93, 'he0, 'h1e, 'h4c, 'h51, 'h6e, 'h1e, 'h3b, 'h99, 'h2d, 'h3d, 'h8d, 'ha7, 'h9d, 'hbf, 'he0, 'h5d, 'h78} 
UVM_INFO /lan/dsoft/pcie/ulasala/lbb_credit/verif/uvc_lib/cdn_pcie_tlp/cdn_hpa_pcie_tlp.sv(9982) @ 139500: reporter@@tlp_pkt [tlp_pkt] temp[31:29]=100
UVM_INFO /lan/dsoft/pcie/ulasala/lbb_credit/verif/uvc_lib/cdn_pcie_tlp/cdn_hpa_pcie_tlp.sv(9982) @ 139500: reporter@@tlp_pkt [tlp_pkt] temp[31:29]=11
UVM_INFO /lan/dsoft/pcie/ulasala/lbb_credit/verif/uvc_lib/cdn_pcie_tlp/cdn_hpa_pcie_tlp.sv(10122) @ 139500: reporter@@tlp_pkt [cdn_hpa_pcie_tlp] m_hdr_fmt=11
UVM_INFO /lan/dsoft/pcie/ulasala/lbb_credit/verif/uvc_lib/cdn_pcie_tlp/cdn_hpa_pcie_tlp.sv(10168) @ 139500: reporter@@tlp_pkt [cdn_hpa_pcie_tlp] Unpacking First DW is common for all TLPs
UVM_INFO /lan/dsoft/pcie/ulasala/lbb_credit/verif/uvc_lib/cdn_pcie_tlp/cdn_hpa_pcie_tlp.sv(10171) @ 139500: reporter@@tlp_pkt [cdn_hpa_pcie_tlp] m_hdr_type=0
UVM_INFO /lan/dsoft/pcie/ulasala/lbb_credit/verif/uvc_lib/cdn_pcie_tlp/cdn_hpa_pcie_tlp.sv(10409) @ 139500: reporter@@tlp_pkt [cdn_hpa_pcie_tlp] m_ohc_hdr=1b
UVM_INFO /lan/dsoft/pcie/ulasala/lbb_credit/verif/uvc_lib/cdn_pcie_tlp/cdn_hpa_pcie_tlp.sv(10438) @ 139500: reporter@@tlp_pkt [cdn_hpa_pcie_tlp] Unpacking Second DW is common for all TLPs
UVM_INFO /lan/dsoft/pcie/ulasala/lbb_credit/verif/uvc_lib/cdn_pcie_tlp/cdn_hpa_pcie_tlp.sv(10544) @ 139500: reporter@@tlp_pkt [cdn_hpa_pcie_tlp] Unpacking Third & Fourth DW is common for all TLPs
UVM_INFO /lan/dsoft/pcie/ulasala/lbb_credit/verif/uvc_lib/cdn_pcie_tlp/cdn_hpa_pcie_tlp.sv(10849) @ 139500: reporter@@tlp_pkt [cdn_hpa_pcie_tlp] m_tlp_trans_type=CDN_HPA_PCIE_TRANS_MEM_TYPE
UVM_INFO /lan/dsoft/pcie/ulasala/lbb_credit/verif/uvc_lib/cdn_pcie_tlp/cdn_hpa_pcie_tlp.sv(10858) @ 139500: reporter@@tlp_pkt [cdn_hpa_pcie_tlp] Unpacking ohc_a_present
UVM_INFO /lan/dsoft/pcie/ulasala/lbb_credit/verif/uvc_lib/cdn_pcie_tlp/cdn_hpa_pcie_tlp.sv(10928) @ 139500: reporter@@tlp_pkt [cdn_hpa_pcie_tlp] Unpacking ohc_b_present
UVM_INFO /lan/dsoft/pcie/ulasala/lbb_credit/verif/uvc_lib/cdn_pcie_tlp/cdn_hpa_pcie_tlp.sv(10965) @ 139500: reporter@@tlp_pkt [cdn_hpa_pcie_tlp] Unpacking ohc_e_present
UVM_INFO /lan/dsoft/pcie/ulasala/lbb_credit/verif/uvc_lib/cdn_pcie_tlp/cdn_hpa_pcie_tlp.sv(11099) @ 139500: reporter@@tlp_pkt [cdn_hpa_pcie_tlp] Unpacking payload
UVM_INFO /lan/dsoft/pcie/ulasala/lbb_credit/verif/uvc_lib/cdn_pcie_tlp/cdn_hpa_pcie_tlp.sv(11147) @ 139500: reporter@@tlp_pkt [cdn_hpa_pcie_tlp] Unpacking trailer
UVM_INFO /lan/dsoft/pcie/ulasala/lbb_credit/verif/uvc_lib/cdn_pcie_hls_bridge/sv/cdn_pcie_hls_bridge_monitor.sv(3273) @ 139500: uvm_test_top.sve.m_env_mon [[cdn_pcie_hls_bridge_monitor][main_phase][process_hls_ib_posted_hal_pkt_ended][predict_ib_pkt_routing]] Predicted CDN_HPA_PCIE_TRANS_POSTED_REQ TLP ROUTE_TO_MSI Port 6.
UVM_INFO /lan/dsoft/pcie/ulasala/lbb_credit/verif/uvc_lib/cdn_pcie_hls_bridge/sv/cdn_pcie_hls_bridge_monitor.sv(3049) @ 139500: uvm_test_top.sve.m_env_mon [[cdn_pcie_hls_bridge_monitor][main_phase][process_hls_ib_posted_hal_pkt_ended]] Expected MSI STREAM:
 --------------------------------------------------------------------------------------------------
Name                     Type                           Size  Value                               
--------------------------------------------------------------------------------------------------
msi_stream_pkt           denaliStreamTransaction        -     @4143834                            
  Type                   denaliStreamTrTypeT            32    DENALI_STREAM_TR_Packet             
  PortNum                integral                       32    'h0xxxxxxxx                         
  Callback               denaliStreamCbPointT           32    DENALI_STREAM_CB_UNSET              
  ErrorString            string                         0     ""                                  
  ErrorId                denaliStreamErrorTypeT         32    STREAM_UNSET                        
  ErrorInfo              integral                       32    'h0xxxxxxxx                         
  UserData               integral                       32    'h0xxxxxxxx                         
  Delay                  integral                       32    'h0xxxxxxxx                         
  Id                     integral                       8     'h0                                 
  Dest                   integral                       8     'h0                                 
  Length                 integral                       32    'h1                                 
  StreamKind             denaliStreamKindT              32    DENALI_STREAM_KIND_UNSET            
  IsStarted              integral                       1     'h0X                                
  IsEnded                integral                       1     'h0X                                
  Duration               integral                       32    'h0xxxxxxxx                         
  TransfersChannelDelay  da(integral)                   0     -                                   
  PacketData             da(integral)                   8     -                                   
    [0]                  integral                       8     'h3d                                
    [1]                  integral                       8     'h8d                                
    [2]                  integral                       8     'ha7                                
    [3]                  integral                       8     'h9d                                
    [4]                  integral                       8     'h1                                 
    [5]                  integral                       8     'h39                                
    [6]                  integral                       8     'h8a                                
    [7]                  integral                       8     'h0                                 
  TstrbArray             da(integral)                   0     -                                   
  TkeepArray             da(integral)                   0     -                                   
  TuserArray             da(integral)                   0     -                                   
  ChannelDelay           integral                       32    'h0xxxxxxxx                         
  Tdata                  da(integral)                   0     -                                   
  Tstrb                  da(integral)                   0     -                                   
  Tkeep                  da(integral)                   0     -                                   
  Tlast                  integral                       1     'h0X                                
  Tuser                  da(integral)                   0     -                                   
  Position               denaliStreamTransferPositionT  32    DENALI_STREAM_TRANSFERPOSITION_UNSET
  IsDiscarded            integral                       1     'h0X                                
  Tx                     integral                       1     'h0X                                
  IdWide                 integral                       16    'h0xxxx                             
  DestWide               integral                       16    'h0xxxx                             
--------------------------------------------------------------------------------------------------

UVM_INFO /lan/dsoft/pcie/ulasala/lbb_credit/verif/uvc_lib/cdn_pcie_hls_bridge/sv/cdn_pcie_hls_bridge_monitor.sv(1547) @ 139500: uvm_test_top.sve.m_env_mon [cdn_pcie_hls_bridge_monitor] [HLSB DC] m_total_expected_delivered_count = '{1, 2, 0, 0, 0, 0, 0, 0}
UVM_INFO /s/scratch06/pcie/vipcat_nightly/vipcat_11.30.112-29_Jun_2026_11_48_52/tools.lnx86/denali_64bit/ddvapi/sv/uvm/stream/cdnStreamUvmDriver.sv(93) @ 139500: uvm_test_top.sve.m_qos_mst_env[0].act_agent.driver [DRIVER] Queueing transaction:
-------------------------------------------------------------------------------------------------------------------------
Name                           Type                           Size  Value                                                
-------------------------------------------------------------------------------------------------------------------------
stream_trans                   denaliStreamTransaction        -     @4144086                                             
  Type                         denaliStreamTrTypeT            32    DENALI_STREAM_TR_Transfer                            
  PortNum                      integral                       32    'h0xxxxxxxx                                          
  Callback                     denaliStreamCbPointT           32    DENALI_STREAM_CB_UNSET                               
  ErrorString                  string                         0     ""                                                   
  ErrorId                      denaliStreamErrorTypeT         32    STREAM_UNSET                                         
  ErrorInfo                    integral                       32    'h0xxxxxxxx                                          
  UserData                     integral                       32    'h54bd6ac9                                           
  Delay                        integral                       32    'h0                                                  
  Id                           integral                       8     'hac                                                 
  Dest                         integral                       8     'h4e                                                 
  Length                       integral                       32    'h1                                                  
  StreamKind                   denaliStreamKindT              32    DENALI_STREAM_KIND_BYTE                              
  IsStarted                    integral                       1     'h0                                                  
  IsEnded                      integral                       1     'h0                                                  
  Duration                     integral                       32    'hc590434f                                           
  TransfersChannelDelay        da(integral)                   1     -                                                    
    [0]                        integral                       32    'h0                                                  
  PacketData                   da(integral)                   3     -                                                    
    [0]                        integral                       8     'h1                                                  
    [1]                        integral                       8     'he0                                                 
    [2]                        integral                       8     'h2                                                  
  TstrbArray                   da(integral)                   3     -                                                    
    [0]                        integral                       1     'h1                                                  
    [1]                        integral                       1     'h0                                                  
    [2]                        integral                       1     'h0                                                  
  TkeepArray                   da(integral)                   3     -                                                    
    [0]                        integral                       1     'h1                                                  
    [1]                        integral                       1     'h0                                                  
    [2]                        integral                       1     'h0                                                  
  TuserArray                   da(integral)                   4     -                                                    
    [0]                        integral                       8     'h2                                                  
    [1]                        integral                       8     'h3                                                  
    [2]                        integral                       8     'h8                                                  
    [3]                        integral                       8     'hb                                                  
  ChannelDelay                 integral                       32    'h0                                                  
  Tdata                        da(integral)                   0     -                                                    
  Tstrb                        da(integral)                   0     -                                                    
  Tkeep                        da(integral)                   0     -                                                    
  Tlast                        integral                       1     'h1                                                  
  Tuser                        da(integral)                   0     -                                                    
  Position                     denaliStreamTransferPositionT  32    DENALI_STREAM_TRANSFERPOSITION_MIDDLE                
  IsDiscarded                  integral                       1     'h1                                                  
  Tx                           integral                       1     'h0                                                  
  IdWide                       integral                       16    'h7789                                               
  DestWide                     integral                       16    'h494d                                               
  begin_time                   time                           64    139500                                               
  depth                        int                            32    'd3                                                  
  parent sequence (name)       string                         16    l_qos_stream_seq                                     
  parent sequence (full name)  string                         42    uvm_test_top.m_vseqr.vseq.l_qos_stream_seq           
  sequencer                    string                         53    uvm_test_top.sve.m_qos_mst_env[0].act_agent.sequencer
-------------------------------------------------------------------------------------------------------------------------


UVM_INFO /lan/dsoft/pcie/ulasala/lbb_credit/verif/uvc_lib/cdn_pcie_hpa/sv/config/../sequences/cdn_pcie_hpa_tl_cxs_seq_lib.sv(222) @ 140500: uvm_test_top.sve.m_hls_ib_posted_hal_env.cxs_env.act_agent.sequencer@@cdn_pcie_hpa_tlp2cxs_seq_h[0].l_cxs_seq [cdn_pcie_hpa_tl_cxs_data_seq] Completed Transmission of packet 
UVM_INFO /lan/dsoft/pcie/ulasala/lbb_credit/verif/uvc_lib/cdn_pcie_hls_bridge/sv/cdn_pcie_hls_bridge_monitor.sv(3042) @ 140500: uvm_test_top.sve.m_env_mon [[cdn_pcie_hls_bridge_monitor][main_phase][process_hls_ib_posted_hal_pkt_ended]] Expected IB Posted CXS:
 -----------------------------------------------------------------------------------------
Name                        Type                        Size  Value                      
-----------------------------------------------------------------------------------------
denaliCxsTransaction        denaliCxsTransaction        -     @4108359                   
  Type                      denaliCxsTrTypeT            32    DENALI_CXS_TR_PktTx        
  DataSizeInBits            integral                    32    'h0xxxxxxxx                
  PortNum                   integral                    32    'h0xxxxxxxx                
  Callback                  denaliCxsCbPointT           32    DENALI_CXS_CB_PktEnded     
  ErrorString               string                      0     ""                         
  ErrorId                   denaliCxsErrorTypeT         32    DENALI_CXS_NO_ERROR        
  ErrorInfo                 integral                    32    'h0xxxxxxxx                
  UserData                  integral                    32    'h0xxxxxxxx                
  Delay                     integral                    32    'h0xxxxxxxx                
  DataPerPktTx              da(integral)                32    -                          
    [0]                     integral                    8     'h8d                       
    [1]                     integral                    8     'h0                        
    [2]                     integral                    8     'h0                        
    [3]                     integral                    8     'h0                        
    [4]                     integral                    8     'h60                       
    ...                     ...                         ...   ...                        
    [27]                    integral                    8     'h5a                       
    [28]                    integral                    8     'h0                        
    [29]                    integral                    8     'hcb                       
    [30]                    integral                    8     'hff                       
    [31]                    integral                    8     'h7b                       
  DataPerPktRx              da(integral)                0     -                          
  FlitDataTx                da(integral)                0     -                          
  FlitDataRx                da(integral)                0     -                          
  DataChkTx                 da(integral)                0     -                          
  DataChkRx                 da(integral)                0     -                          
  ControlChkTx              integral                    8     'h0xx                      
  ControlChkRx              integral                    8     'h0xx                      
  Data                      da(integral)                0     -                          
  CurStartPtrsTx            da(integral)                0     -                          
  CurEndPtrsTx              da(integral)                0     -                          
  CurEndPktSizeTx           da(integral)                0     -                          
  CurEndErrsTx              integral                    4     'h0x                       
  CurEndErrTx               integral                    1     'h0                        
  CurStartPtrsRx            da(integral)                0     -                          
  CurEndPtrsRx              da(integral)                0     -                          
  CurEndPktSizeRx           da(integral)                0     -                          
  CurEndErrsRx              integral                    4     'h0x                       
  CurEndErrRx               integral                    1     'h0X                       
  CurStartPtrTx             integral                    32    'h0                        
  CurEndPtrTx               integral                    32    'h1f                       
  CurPktLengthTx            integral                    32    'h20                       
  CurStartPtrRx             integral                    32    'h0xxxxxxxx                
  CurEndPtrRx               integral                    32    'h0xxxxxxxx                
  CurPktLengthRx            integral                    32    'h0xxxxxxxx                
  CurStartedPktTx           integral                    4     'h1                        
  CurEndedPktTx             integral                    4     'h1                        
  CurStartedPktRx           integral                    4     'h0x                       
  CurEndedPktRx             integral                    4     'h0x                       
  Start                     da(integral)                0     -                          
  StartPtrs0                da(integral)                0     -                          
  StartPtrs1                da(integral)                0     -                          
  StartPtrs2                da(integral)                0     -                          
  StartPtrs3                da(integral)                0     -                          
  End                       da(integral)                0     -                          
  EndPtrs0                  da(integral)                0     -                          
  EndPtrs1                  da(integral)                0     -                          
  EndPtrs2                  da(integral)                0     -                          
  EndPtrs3                  da(integral)                0     -                          
  NumOfBeatsPerTransaction  integral                    32    'h0xxxxxxxx                
  DataWidth                 integral                    32    'h0xxxxxxxx                
  MinCrdToValidDelay        integral                    32    'h0xxxxxxxx                
  MaxCrdToValidDelay        integral                    32    'h0xxxxxxxx                
  MaxPktLength              integral                    32    'h0xxxxxxxx                
  MinPktLength              integral                    32    'h0xxxxxxxx                
  MaxPktsPerBeat            integral                    4     'h0x                       
  NumOfBytesInBeat          integral                    32    'h0xxxxxxxx                
  ValidDelay                integral                    32    'h0xxxxxxxx                
  NumOfPkts                 integral                    32    'h0xxxxxxxx                
  EndErrs                   da(integral)                0     -                          
  PktsErrs                  da(integral)                0     -                          
  PktSize                   da(integral)                0     -                          
  Pkt0EopPtr                integral                    5     'h0Xx                      
  Pkt0Err                   integral                    1     'h0X                       
  Pkt1Sop                   integral                    1     'h0X                       
  Pkt1SopPtr                integral                    3     'h0X                       
  Pkt1Eop                   integral                    1     'h0X                       
  Pkt1EopPtr                integral                    5     'h0Xx                      
  Pkt1Err                   integral                    1     'h0X                       
  ActDeactReq               integral                    1     'h0X                       
  ActDeactAck               integral                    1     'h0X                       
  ActDeactHint              integral                    1     'h0X                       
  CreditToValidDelay        integral                    32    'h0xxxxxxxx                
  PerBeatDelay              da(integral)                0     -                          
  PktStartTime              integral                    64    'h224d4                    
  PktEndTime                integral                    64    'h224d4                    
  PktStartTimeRx            integral                    64    'hx                        
  PktEndTimeRx              integral                    64    'hx                        
  StartedPerFlitTx          integral                    4     'h0x                       
  EndedPerFlitTx            integral                    4     'h0x                       
  StartedPerFlitRx          integral                    4     'h0x                       
  EndedPerFlitRx            integral                    4     'h0x                       
  UserControl               da(integral)                14    -                          
    [0]                     integral                    8     'h5                        
    [1]                     integral                    8     'h3                        
    [2]                     integral                    8     'h0                        
    [3]                     integral                    8     'hf4                       
    [4]                     integral                    8     'h3f                       
    ...                     ...                         ...   ...                        
    [9]                     integral                    8     'hcd                       
    [10]                    integral                    8     'hf3                       
    [11]                    integral                    8     'h71                       
    [12]                    integral                    8     'h17                       
    [13]                    integral                    8     'h7                        
  UserControlWidth          integral                    32    'h0xxxxxxxx                
  UserControlChk            da(integral)                0     -                          
  SopGranularityVal         integral                    32    'h0xxxxxxxx                
  FlitControlTx             da(integral)                0     -                          
  FlitControlRx             da(integral)                0     -                          
  FlitEndedErr              denaliCxsFlitEndedErrTypeT  32    DENALI_CXS_FLIT_ENDED_UNSET
  PktGap                    da(integral)                0     -                          
  FlitProtocolType          da(integral)                0     -                          
  FlitProtocolTypeChk       da(integral)                0     -                          
  FlitLast                  da(integral)                0     -                          
  FlitLastChk               da(integral)                0     -                          
  UserControlAtEndFlag      da(integral)                0     -                          
  HasUserControl            integral                    1     'h0X                       
  HasUserControlAtEndFlag   integral                    1     'h0X                       
  ProtocolType              da(integral)                1     -                          
    [0]                     integral                    3     'h0                        
  PktSrcId                  da(integral)                0     -                          
  SrcId                     integral                    8     'h0xx                      
  PktTgtId                  da(integral)                0     -                          
  TgtId                     integral                    8     'h0xx                      
  PktUser                   da(integral)                0     -                          
  User                      da(integral)                0     -                          
-----------------------------------------------------------------------------------------

UVM_INFO /lan/dsoft/pcie/ulasala/lbb_credit/verif/uvc_lib/cdn_pcie_tlp/cdn_hpa_pcie_tlp.sv(9970) @ 140500: reporter@@tlp_pkt [tlp_pkt] Calling do unpack for tlp_pkt 
UVM_INFO /lan/dsoft/pcie/ulasala/lbb_credit/verif/uvc_lib/cdn_pcie_tlp/cdn_hpa_pcie_tlp.sv(9975) @ 140500: reporter@@tlp_pkt [cdn_hpa_pcie_tlp] Unpacking '{'h8d, 'h0, 'h0, 'h0, 'h60, 'h69, 'h4, 'h1, 'h39, 'h1, 'h0, 'h12, 'hf0, 'h0, 'h0, 'h0, 'h0, 'h0, 'h10, 'h2, 'h40, 'h0, 'h10, 'hb, 'h1f, 'hd6, 'h82, 'h5a, 'h0, 'hcb, 'hff, 'h7b} 
UVM_INFO /lan/dsoft/pcie/ulasala/lbb_credit/verif/uvc_lib/cdn_pcie_tlp/cdn_hpa_pcie_tlp.sv(9982) @ 140500: reporter@@tlp_pkt [tlp_pkt] temp[31:29]=100
UVM_INFO /lan/dsoft/pcie/ulasala/lbb_credit/verif/uvc_lib/cdn_pcie_tlp/cdn_hpa_pcie_tlp.sv(10050) @ 140500: reporter@@tlp_pkt [tlp_pkt] m_tlp_local_prefix_data=0
UVM_INFO /lan/dsoft/pcie/ulasala/lbb_credit/verif/uvc_lib/cdn_pcie_tlp/cdn_hpa_pcie_tlp.sv(9982) @ 140500: reporter@@tlp_pkt [tlp_pkt] temp[31:29]=11
UVM_INFO /lan/dsoft/pcie/ulasala/lbb_credit/verif/uvc_lib/cdn_pcie_tlp/cdn_hpa_pcie_tlp.sv(10122) @ 140500: reporter@@tlp_pkt [cdn_hpa_pcie_tlp] m_hdr_fmt=11
UVM_INFO /lan/dsoft/pcie/ulasala/lbb_credit/verif/uvc_lib/cdn_pcie_tlp/cdn_hpa_pcie_tlp.sv(10168) @ 140500: reporter@@tlp_pkt [cdn_hpa_pcie_tlp] Unpacking First DW is common for all TLPs
UVM_INFO /lan/dsoft/pcie/ulasala/lbb_credit/verif/uvc_lib/cdn_pcie_tlp/cdn_hpa_pcie_tlp.sv(10171) @ 140500: reporter@@tlp_pkt [cdn_hpa_pcie_tlp] m_hdr_type=0
UVM_INFO /lan/dsoft/pcie/ulasala/lbb_credit/verif/uvc_lib/cdn_pcie_tlp/cdn_hpa_pcie_tlp.sv(10409) @ 140500: reporter@@tlp_pkt [cdn_hpa_pcie_tlp] m_ohc_hdr=9
UVM_INFO /lan/dsoft/pcie/ulasala/lbb_credit/verif/uvc_lib/cdn_pcie_tlp/cdn_hpa_pcie_tlp.sv(10438) @ 140500: reporter@@tlp_pkt [cdn_hpa_pcie_tlp] Unpacking Second DW is common for all TLPs
UVM_INFO /lan/dsoft/pcie/ulasala/lbb_credit/verif/uvc_lib/cdn_pcie_tlp/cdn_hpa_pcie_tlp.sv(10544) @ 140500: reporter@@tlp_pkt [cdn_hpa_pcie_tlp] Unpacking Third & Fourth DW is common for all TLPs
UVM_INFO /lan/dsoft/pcie/ulasala/lbb_credit/verif/uvc_lib/cdn_pcie_tlp/cdn_hpa_pcie_tlp.sv(10849) @ 140500: reporter@@tlp_pkt [cdn_hpa_pcie_tlp] m_tlp_trans_type=CDN_HPA_PCIE_TRANS_MEM_TYPE
UVM_INFO /lan/dsoft/pcie/ulasala/lbb_credit/verif/uvc_lib/cdn_pcie_tlp/cdn_hpa_pcie_tlp.sv(10858) @ 140500: reporter@@tlp_pkt [cdn_hpa_pcie_tlp] Unpacking ohc_a_present
UVM_INFO /lan/dsoft/pcie/ulasala/lbb_credit/verif/uvc_lib/cdn_pcie_tlp/cdn_hpa_pcie_tlp.sv(10965) @ 140500: reporter@@tlp_pkt [cdn_hpa_pcie_tlp] Unpacking ohc_e_present
UVM_INFO /lan/dsoft/pcie/ulasala/lbb_credit/verif/uvc_lib/cdn_pcie_tlp/cdn_hpa_pcie_tlp.sv(11099) @ 140500: reporter@@tlp_pkt [cdn_hpa_pcie_tlp] Unpacking payload
UVM_INFO /lan/dsoft/pcie/ulasala/lbb_credit/verif/uvc_lib/cdn_pcie_tlp/cdn_hpa_pcie_tlp.sv(11147) @ 140500: reporter@@tlp_pkt [cdn_hpa_pcie_tlp] Unpacking trailer
UVM_INFO /lan/dsoft/pcie/ulasala/lbb_credit/verif/uvc_lib/cdn_pcie_hls_bridge/sv/cdn_pcie_hls_bridge_monitor.sv(3273) @ 140500: uvm_test_top.sve.m_env_mon [[cdn_pcie_hls_bridge_monitor][main_phase][process_hls_ib_posted_hal_pkt_ended][predict_ib_pkt_routing]] Predicted CDN_HPA_PCIE_TRANS_POSTED_REQ TLP ROUTE_TO_MSI Port 6.
UVM_INFO /lan/dsoft/pcie/ulasala/lbb_credit/verif/uvc_lib/cdn_pcie_hls_bridge/sv/cdn_pcie_hls_bridge_monitor.sv(3273) @ 140500: uvm_test_top.sve.m_env_mon [[cdn_pcie_hls_bridge_monitor][main_phase][process_hls_ib_posted_hal_pkt_ended][predict_ib_pkt_routing]] Predicted CDN_HPA_PCIE_TRANS_POSTED_REQ TLP ROUTE_TO_MSI Port 6.
UVM_INFO /lan/dsoft/pcie/ulasala/lbb_credit/verif/uvc_lib/cdn_pcie_hls_bridge/sv/cdn_pcie_hls_bridge_monitor.sv(3049) @ 140500: uvm_test_top.sve.m_env_mon [[cdn_pcie_hls_bridge_monitor][main_phase][process_hls_ib_posted_hal_pkt_ended]] Expected MSI STREAM:
 --------------------------------------------------------------------------------------------------
Name                     Type                           Size  Value                               
--------------------------------------------------------------------------------------------------
msi_stream_pkt           denaliStreamTransaction        -     @4142761                            
  Type                   denaliStreamTrTypeT            32    DENALI_STREAM_TR_Packet             
  PortNum                integral                       32    'h0xxxxxxxx                         
  Callback               denaliStreamCbPointT           32    DENALI_STREAM_CB_UNSET              
  ErrorString            string                         0     ""                                  
  ErrorId                denaliStreamErrorTypeT         32    STREAM_UNSET                        
  ErrorInfo              integral                       32    'h0xxxxxxxx                         
  UserData               integral                       32    'h0xxxxxxxx                         
  Delay                  integral                       32    'h0xxxxxxxx                         
  Id                     integral                       8     'h0                                 
  Dest                   integral                       8     'h0                                 
  Length                 integral                       32    'h1                                 
  StreamKind             denaliStreamKindT              32    DENALI_STREAM_KIND_UNSET            
  IsStarted              integral                       1     'h0X                                
  IsEnded                integral                       1     'h0X                                
  Duration               integral                       32    'h0xxxxxxxx                         
  TransfersChannelDelay  da(integral)                   0     -                                   
  PacketData             da(integral)                   8     -                                   
    [0]                  integral                       8     'h0                                 
    [1]                  integral                       8     'hcb                                
    [2]                  integral                       8     'hff                                
    [3]                  integral                       8     'h7b                                
    [4]                  integral                       8     'h1                                 
    [5]                  integral                       8     'h39                                
    [6]                  integral                       8     'h8a                                
    [7]                  integral                       8     'h0                                 
  TstrbArray             da(integral)                   0     -                                   
  TkeepArray             da(integral)                   0     -                                   
  TuserArray             da(integral)                   0     -                                   
  ChannelDelay           integral                       32    'h0xxxxxxxx                         
  Tdata                  da(integral)                   0     -                                   
  Tstrb                  da(integral)                   0     -                                   
  Tkeep                  da(integral)                   0     -                                   
  Tlast                  integral                       1     'h0X                                
  Tuser                  da(integral)                   0     -                                   
  Position               denaliStreamTransferPositionT  32    DENALI_STREAM_TRANSFERPOSITION_UNSET
  IsDiscarded            integral                       1     'h0X                                
  Tx                     integral                       1     'h0X                                
  IdWide                 integral                       16    'h0xxxx                             
  DestWide               integral                       16    'h0xxxx                             
--------------------------------------------------------------------------------------------------

UVM_INFO /lan/dsoft/pcie/ulasala/lbb_credit/verif/uvc_lib/cdn_pcie_hls_bridge/sv/cdn_pcie_hls_bridge_monitor.sv(1547) @ 140500: uvm_test_top.sve.m_env_mon [cdn_pcie_hls_bridge_monitor] [HLSB DC] m_total_expected_delivered_count = '{1, 2, 0, 1, 0, 0, 0, 0}
UVM_INFO /lan/dsoft/pcie/ulasala/lbb_credit/verif/uvc_lib/cdn_pcie_hls_bridge/sv/sequences/cdn_pcie_hls_bridge_tlp2cxs_seq.sv(161) @ 140500: uvm_test_top.m_vseqr@@cdn_pcie_hpa_tlp2cxs_seq_h[0] [cdn_pcie_hls_bridge_tlp2cxs_seq] Completed TLPs over CSX.
UVM_INFO /lan/dsoft/pcie/ulasala/lbb_credit/verif/uvc_lib/cdn_pcie_hls_bridge/sv/sequences/cdn_pcie_hls_bridge_tlp2cxs_seq.sv(93) @ 140500: uvm_test_top.m_vseqr@@cdn_pcie_hpa_tlp2cxs_seq_h[0] [cdn_pcie_hls_bridge_tlp2cxs_seq] Waiting for CSX item.
UVM_INFO /lan/dsoft/pcie/ulasala/lbb_credit/verif/uvc_lib/cdn_pcie_hls_bridge/sv/sequences/cdn_pcie_hls_bridge_tlp2cxs_seq.sv(98) @ 140500: uvm_test_top.m_vseqr@@cdn_pcie_hpa_tlp2cxs_seq_h[0] [cdn_pcie_hls_bridge_tlp2cxs_seq] Started TLPs over CSX.
UVM_INFO /lan/dsoft/pcie/ulasala/lbb_credit/verif/uvc_lib/cdn_pcie_hpa/sv/common/cdn_pcie_hpa_common/cdn_pcie_hpa_cif_tlp_router.sv(1450) @ 140500: uvm_test_top.sve.m_hls_ib_trans_env.cif_router [uvm_test_top.sve.m_hls_ib_trans_env.cif_router] waiting for finish item complete
UVM_INFO /lan/dsoft/pcie/ulasala/lbb_credit/verif/uvc_lib/cdn_pcie_hls_bridge/sv/sequences/cdn_pcie_hls_bridge_tlp2cxs_seq.sv(126) @ 140500: uvm_test_top.m_vseqr@@cdn_pcie_hpa_tlp2cxs_seq_h[0] [cdn_pcie_hpa_tlp2cxs_seq_h[0]] loop_pkt = 0/1
UVM_INFO /lan/dsoft/pcie/ulasala/lbb_credit/verif/uvc_lib/cdn_pcie_hls_bridge/sv/sequences/cdn_pcie_hls_bridge_tlp2cxs_seq.sv(127) @ 140500: uvm_test_top.m_vseqr@@cdn_pcie_hpa_tlp2cxs_seq_h[0] [cdn_pcie_hls_bridge_tlp2cxs_seq] Sending TLP over CSX:
-----------------------------------------------------------------------------------------------------------------------------------------------------
Name                             Type              Size  Value                                                                                       
-----------------------------------------------------------------------------------------------------------------------------------------------------
pcie_tlp                         cdn_hpa_pcie_tlp  -     @4143492                                                                                    
  begin_time                     time              64    140500                                                                                      
  depth                          int               32    'd2                                                                                         
  parent sequence (name)         string            29    cdn_pcie_hpa_tlp2cxs_seq_h[0]                                                               
  parent sequence (full name)    string            50    uvm_test_top.m_vseqr.cdn_pcie_hpa_tlp2cxs_seq_h[0]                                          
  sequencer                      string            64    uvm_test_top.sve.m_hls_ib_trans_env.cif_router.m_ob_p_tlp_sqr[0]                            
  is_ide_tlp                     integral          1     'h0                                                                                         
  is_flit_mode                   integral          1     'h1                                                                                         
  pcie_6_1_support               integral          1     'h1                                                                                         
  cxl_mode                       integral          1     'h1                                                                                         
  cxl_sbsa_test                  integral          1     'h0                                                                                         
  is_cxl_pbr_mode                integral          1     'h0                                                                                         
  hpa_generation                 string            16    hpa_generation_2                                                                            
  apply_directed_tlp             integral          1     'h0                                                                                         
  axi_region_prog                integral          1     'h0                                                                                         
  m_tlp_req_type                 string            29    CDN_HPA_PCIE_TRANS_POSTED_REQ                                                               
  m_tlp_type                     string            28    CDN_HPA_PCIE_TLP_TYPE_MWr_64                                                                
  m_tlp_trans_type               string            27    CDN_HPA_PCIE_TRANS_MEM_TYPE                                                                 
  m_tlp_vdm_msg_subtype          string            23    CDN_HPA_PCIE_TLP_VDM_LN                                                                     
  m_type                         integral          8     'h60                                                                                        
  m_tlp_tc                       integral          3     'h0                                                                                         
  m_ohc_hdr                      string            92    '{ohc_ex_present:no_ohc_ex_present, ohc_c_present:'h0, ohc_b_present:'h1, ohc_a_present:'h1}
  m_ts                           string            23    CDN_HPA_PCIE_NO_TRAILER                                                                     
  m_tlp_attr                     integral          3     'h0                                                                                         
  m_tlp_length                   integral          10    'hf                                                                                         
  m_tlp_tag                      integral          14    'h0                                                                                         
  m_tlp_ep                       integral          1     'h0                                                                                         
  implcit_byte_enable_mem_tlps   integral          1     'h0                                                                                         
  m_tlp_last_dw_be               integral          4     'h7                                                                                         
  m_tlp_first_dw_be              integral          4     'h8                                                                                         
  m_tlp_requester_id             integral          16    'h3900                                                                                      
  m_tlp_addr                     integral          64    'hb84baf5f4da36674                                                                          
  m_tlp_at_type                  string            28    CDN_HPA_PCIE_AT_Untranslated                                                                
  m_tlp_uses_dedicated_credits   integral          1     'h0                                                                                         
  m_max_no_of_local_prefixes     integral          2     'h1                                                                                         
  m_local_prefix_possible        integral          1     'h1                                                                                         
  m_tlp_local_prefix[0]          integral          32    'h8e8eae78                                                                                  
  m_tlp_local_prefix_data[0]     integral          24    'h8eae78                                                                                    
  m_hdr_type_local_prefix[0]     string            27    CDN_HPA_PCIE_VEND_PREFIX_L0                                                                 
  m_max_no_of_prefixes           integral          3     'h0                                                                                         
  m_ohc_a                        integral          32    'h78                                                                                        
  m_ohc_b                        integral          32    'h10                                                                                        
  m_hv                           integral          2     'h1                                                                                         
  m_ama_value                    integral          3     'h0                                                                                         
  m_ama_valid                    integral          1     'h0                                                                                         
  m_tlp_payload[0]               integral          8     'hd0                                                                                        
  m_tlp_payload[1]               integral          8     'h5d                                                                                        
  m_tlp_payload[2]               integral          8     'h71                                                                                        
  m_tlp_payload[3]               integral          8     'hb7                                                                                        
  m_tlp_payload[4]               integral          8     'hd7                                                                                        
  m_tlp_payload[5]               integral          8     'heb                                                                                        
  m_tlp_payload[6]               integral          8     'hc3                                                                                        
  m_tlp_payload[7]               integral          8     'h39                                                                                        
  m_tlp_payload[52]              integral          8     'h0                                                                                         
  m_tlp_payload[53]              integral          8     'hc8                                                                                        
  m_tlp_payload[54]              integral          8     'h77                                                                                        
  m_tlp_payload[55]              integral          8     'h1                                                                                         
  m_tlp_payload[56]              integral          8     'he6                                                                                        
  m_tlp_payload[57]              integral          8     'h67                                                                                        
  m_tlp_payload[58]              integral          8     'h4c                                                                                        
  m_tlp_payload[59]              integral          8     'hc6                                                                                        
  second_dw_byte_6_field_6_rsvd  integral          1     'h0                                                                                         
  m_ohc_a1_byte_0_field_7_rsvd   integral          1     'h0                                                                                         
  m_ohc_b_byte_0_rsvd            integral          8     'h0                                                                                         
  pkt_num                        integral          32    'h0                                                                                         
  p_pkt_num                      integral          32    'h0                                                                                         
  pkt_rx_time                    time              64    0                                                                                           
  is_ib_pkt                      integral          1     'h0                                                                                         
  m_cpl_part                     integral          32    'h0                                                                                         
  m_expect_enderror              integral          1     'h0                                                                                         
  cxl_io_tlp                     integral          1     'h0                                                                                         
  cxl_io_rcrb_tlp                integral          1     'h0                                                                                         
  cxl_io_membar_tlp              integral          1     'h0                                                                                         
  m_data_3DW                     string            34    0x6003000f__0x39000000__0xb84baf5f                                                          
-----------------------------------------------------------------------------------------------------------------------------------------------------

UVM_INFO /lan/dsoft/pcie/ulasala/lbb_credit/verif/uvc_lib/cdn_pcie_hls_bridge/sv/sequences/cdn_pcie_hls_bridge_tlp2cxs_seq.sv(128) @ 140500: uvm_test_top.m_vseqr@@cdn_pcie_hpa_tlp2cxs_seq_h[0] [cdn_pcie_hls_bridge_tlp2cxs_seq] Sending TLP over CSX size:88
UVM_INFO /lan/dsoft/pcie/ulasala/lbb_credit/verif/uvc_lib/cdn_pcie_hpa/sv/common/cdn_pcie_hpa_common/cdn_pcie_hpa_cif_tlp_router.sv(1453) @ 140500: uvm_test_top.sve.m_hls_ib_trans_env.cif_router [uvm_test_top.sve.m_hls_ib_trans_env.cif_router] wait for finish item complete over
UVM_INFO /lan/dsoft/pcie/ulasala/lbb_credit/verif/uvc_lib/cdn_pcie_hpa/sv/common/cdn_pcie_hpa_common/cdn_pcie_hpa_cif_tlp_router.sv(1465) @ 140500: uvm_test_top.sve.m_hls_ib_trans_env.cif_router [uvm_test_top.sve.m_hls_ib_trans_env.cif_router] DEBUG_CIF_ROUTER_POSTED: curr_tlp Posted TC =0 and CIF=0
UVM_INFO /lan/dsoft/pcie/ulasala/lbb_credit/verif/uvc_lib/cdn_pcie_hpa/sv/common/cdn_pcie_hpa_common/cdn_pcie_hpa_cif_tlp_router.sv(1586) @ 140500: uvm_test_top.sve.m_hls_ib_trans_env.cif_router [uvm_test_top.sve.m_hls_ib_trans_env.cif_router] bfm_driver() TLP driving  ... done
UVM_INFO /lan/dsoft/pcie/ulasala/lbb_credit/verif/uvc_lib/cdn_pcie_hpa/sv/common/cdn_pcie_hpa_common/cdn_pcie_hpa_cif_tlp_router.sv(1368) @ 140500: uvm_test_top.sve.m_hls_ib_trans_env.cif_router [uvm_test_top.sve.m_hls_ib_trans_env.cif_router] bfm_driver() Get TLP from sequencer... 
UVM_INFO /lan/dsoft/pcie/ulasala/lbb_credit/verif/uvc_lib/cdn_pcie_hls_bridge/sv/sequences/cdn_pcie_hls_bridge_tlp_seq.sv(190) @ 140500: uvm_test_top.hls_ib_tlp_sqr@@vseq.l_hls_ib_tlp_seq [cdn_pcie_hls_bridge_tlp_seq] Creating TLP9
UVM_INFO /lan/dsoft/pcie/ulasala/lbb_credit/verif/uvc_lib/cdn_pcie_hpa/sv/config/cdn_hpa_pcie_link_config.sv(396) @ 140500: uvm_test_top.m_link_config [cdn_hpa_pcie_link_config] pick_srcCfg(): save to list: 0
UVM_INFO /lan/dsoft/pcie/ulasala/lbb_credit/verif/uvc_lib/cdn_pcie_hpa/sv/config/cdn_hpa_pcie_link_config.sv(396) @ 140500: uvm_test_top.m_link_config [cdn_hpa_pcie_link_config] pick_srcCfg(): save to list: 1
UVM_INFO /lan/dsoft/pcie/ulasala/lbb_credit/verif/uvc_lib/cdn_pcie_hpa/sv/config/cdn_hpa_pcie_link_config.sv(485) @ 140500: uvm_test_top.m_link_config [cdn_hpa_pcie_link_config] pick_dstPfCfg(): save to list: 0
UVM_INFO /lan/dsoft/pcie/ulasala/lbb_credit/verif/uvc_lib/cdn_pcie_hpa/sv/config/cdn_hpa_pcie_link_config.sv(494) @ 140500: uvm_test_top.m_link_config [cdn_hpa_pcie_link_config] pick_dstPfCfg(): selected config from the list: 0
UVM_INFO /lan/dsoft/pcie/ulasala/lbb_credit/verif/uvc_lib/cdn_pcie_hls_bridge/sv/sequences/cdn_pcie_hls_bridge_tlp_seq.sv(158) @ 140500: uvm_test_top.hls_ib_tlp_sqr@@vseq.l_hls_ib_tlp_seq [cdn_pcie_hls_bridge_tlp_seq] compute_stream_id_table: per-TC stream IDs = '{-1, -1, -1, -1, -1, -1, -1, -1}, has_stream = '{'h0, 'h0, 'h0, 'h0, 'h0, 'h0, 'h0, 'h0}
UVM_INFO /lan/dsoft/pcie/ulasala/lbb_credit/verif/uvc_lib/cdn_pcie_tlp/cdn_hpa_pcie_tlp.sv(12197) @ 140500: uvm_test_top.hls_ib_tlp_sqr@@vseq.l_hls_ib_tlp_seq.tlp9 [uvm_test_top.m_vseqr.vseq.l_hls_ib_tlp_seq.tlp9] hpa_generation = hpa_generation_2, 
UVM_INFO /lan/dsoft/pcie/ulasala/lbb_credit/verif/uvc_lib/cdn_pcie_tlp/cdn_hpa_pcie_tlp.sv(12198) @ 140500: uvm_test_top.hls_ib_tlp_sqr@@vseq.l_hls_ib_tlp_seq.tlp9 [uvm_test_top.m_vseqr.vseq.l_hls_ib_tlp_seq.tlp9] is_flit_mode = 1 pcie_6_1_support=1, 
UVM_INFO /lan/dsoft/pcie/ulasala/lbb_credit/verif/uvc_lib/cdn_pcie_tlp/cdn_hpa_pcie_tlp.sv(12221) @ 140500: uvm_test_top.hls_ib_tlp_sqr@@vseq.l_hls_ib_tlp_seq.tlp9 [DEBUG_CXL_VER]  TLP File  cxl_ver =          3 cxl_mode=1  vdm_for_cxl=0 cxl_ldid_prefix=0, is_cxl_pbr_mode=0 m_pcie_dev_cfg.cxl_ldid=ffff, m_cxl_ldid=0000,m_pcie_dev_cfg.m_pf_num=          0
UVM_INFO /lan/dsoft/pcie/ulasala/lbb_credit/verif/uvc_lib/cdn_pcie_hpa/sv/config/cdn_pcie_hpa_dev_top_config.sv(10604) @ 140500: uvm_test_top.m_remote_dev_top_config [cdn_pcie_hpa_dev_top_config] TC = [3] Mapped to VC = [3]
UVM_INFO /lan/dsoft/pcie/ulasala/lbb_credit/verif/uvc_lib/cdn_pcie_tlp/cdn_hpa_pcie_tlp.sv(12416) @ 140500: uvm_test_top.hls_ib_tlp_sqr@@vseq.l_hls_ib_tlp_seq.tlp9 [uvm_test_top.m_vseqr.vseq.l_hls_ib_tlp_seq.tlp9] m_tlp_type = CDN_HPA_PCIE_TLP_TYPE_Cas_64, m_tlp_addr = 202eda65a528a720 
UVM_INFO /lan/dsoft/pcie/ulasala/lbb_credit/verif/uvc_lib/cdn_pcie_tlp/cdn_hpa_pcie_tlp.sv(12430) @ 140500: uvm_test_top.hls_ib_tlp_sqr@@vseq.l_hls_ib_tlp_seq.tlp9 [uvm_test_top.m_vseqr.vseq.l_hls_ib_tlp_seq.tlp9] m_tlp_tc = 3, m_tlp_tc_has_active_ide_stream = 0, m_ide_prefix_possible = 0, m_ide_prefix_present= 0, m_tlp_td: 0, m_sel_stream_possible = 0
UVM_INFO /lan/dsoft/pcie/ulasala/lbb_credit/verif/uvc_lib/cdn_pcie_tlp/cdn_hpa_pcie_tlp.sv(12617) @ 140500: uvm_test_top.hls_ib_tlp_sqr@@vseq.l_hls_ib_tlp_seq.tlp9 [uvm_test_top.m_vseqr.vseq.l_hls_ib_tlp_seq.tlp9] m_tlp_type = CDN_HPA_PCIE_TLP_TYPE_Cas_64, m_tlp_msg_code = CDN_HPA_PCIE_TLP_MSG_VD_Type0 
UVM_INFO /lan/dsoft/pcie/ulasala/lbb_credit/verif/uvc_lib/cdn_pcie_hpa/sv/config/cdn_pcie_hpa_dev_top_config.sv(10604) @ 140500: uvm_test_top.m_remote_dev_top_config [cdn_pcie_hpa_dev_top_config] TC = [3] Mapped to VC = [3]
UVM_INFO /lan/dsoft/pcie/ulasala/lbb_credit/verif/uvc_lib/cdn_pcie_tlp/cdn_hpa_pcie_tlp.sv(12872) @ 140500: uvm_test_top.hls_ib_tlp_sqr@@vseq.l_hls_ib_tlp_seq.tlp9 [cdn_hpa_pcie_tlp] DEBUG_SEQ_ITEM:pre inclusion m_tlp_length = 4, m_tlp_payload.size() = 16, m_user_error_inject_obj.m_user_error_injects.size = 0 
UVM_INFO /lan/dsoft/pcie/ulasala/lbb_credit/verif/uvc_lib/cdn_pcie_tlp/cdn_hpa_pcie_tlp.sv(12874) @ 140500: uvm_test_top.hls_ib_tlp_sqr@@vseq.l_hls_ib_tlp_seq.tlp9 [DEBUG::DATA] DEBUG::DATA: m_tlp_type = CDN_HPA_PCIE_TLP_TYPE_Cas_64, m_tlp_at_type = CDN_HPA_PCIE_AT_Untranslated, m_pasid_prefix_present = 0, m_pasid_value=0, m_max_pasid_val=ffff
UVM_INFO /lan/dsoft/pcie/ulasala/lbb_credit/verif/uvc_lib/cdn_pcie_tlp/cdn_hpa_pcie_tlp.sv(14364) @ 140500: uvm_test_top.hls_ib_tlp_sqr@@vseq.l_hls_ib_tlp_seq.tlp9 [cdn_hpa_pcie_tlp] DEBUG_SEQ_ITEM:config_error_control 
 TLP no =9,
 enable_inject_errors = 0,
 top_cfg_enable_errors = 0,
 m_pcie_dev_top_cfg.freq_err = 180,
 tlp_sqr_handle.b2b_err_inj = 0,
 tlp_sqr_handle.pos_tlp_b2b_err_inj = 0,
, tlp_sqr_handle.num_tlp_b2b_err_inj = 0,
 tlp_sqr_handle.num_tlps = 0,
 m_pcie_dev_top_cfg.tc_vc_mapping_done =0,
 m_pcie_dev_top_cfg.dllp_err_inj=0,
 m_pcie_dev_top_cfg.dll_flit_err_inj =0,
 m_pcie_dev_top_cfg.tlp_err_inj=0, m_pcie_dev_top_cfg.poisoned_err_inj = 0, 
 m_pcie_dev_top_cfg.ecrc_err_inj = 0, 
 m_pcie_dev_top_cfg.mf_err_inj = 0, 
 m_pcie_dev_top_cfg.ur_err_inj = 0,
 m_pcie_dev_top_cfg.cpl_err_inj = 0,
 m_pcie_dev_top_cfg.plp_err_inj = 0, m_pcie_dev_top_cfg.ide_err_inj = 0, 
 error_control = 0,
 m_pcie_dev_top_cfg.num_errors = 0,
 m_pcie_dev_top_cfg.m_num_allowed_errors = 0, 
 m_scenario_error_inject = CDN_HPA_PCIE_TLP_NO_ERR 
  m_ptc_test_err_scen=0
UVM_INFO /lan/dsoft/pcie/ulasala/lbb_credit/verif/uvc_lib/cdn_pcie_tlp/cdn_hpa_pcie_tlp.sv(9401) @ 140500: uvm_test_top.hls_ib_tlp_sqr@@vseq.l_hls_ib_tlp_seq.tlp9 [uvm_test_top.m_vseqr.vseq.l_hls_ib_tlp_seq.tlp9] m_tlp_local_prefix=8d000000
UVM_INFO /lan/dsoft/pcie/ulasala/lbb_credit/verif/uvc_lib/cdn_pcie_tlp/cdn_hpa_pcie_tlp.sv(14158) @ 140500: uvm_test_top.hls_ib_tlp_sqr@@vseq.l_hls_ib_tlp_seq.tlp9 [cdn_hpa_pcie_tlp] DEBUG_SEQ_ITEM: m_data=0x8d000000__0x6e610004__0x39000204__0x202eda65__0xa528a720__0x00000000__0x8d3f7a4f__0x2257da26__0x71a1c7a3__0xb9cd4d83
UVM_INFO /lan/dsoft/pcie/ulasala/lbb_credit/verif/uvc_lib/cdn_pcie_tlp/cdn_hpa_pcie_tlp.sv(14167) @ 140500: uvm_test_top.hls_ib_tlp_sqr@@vseq.l_hls_ib_tlp_seq.tlp9 [uvm_test_top.m_vseqr.vseq.l_hls_ib_tlp_seq.tlp9] m_tlp_td = 0, m_td_wo_ecrc = 0, m_no_td_ecrc = 0, pack_ecrc = 0
UVM_INFO /lan/dsoft/pcie/ulasala/lbb_credit/verif/uvc_lib/cdn_pcie_tlp/cdn_hpa_pcie_tlp.sv(14171) @ 140500: uvm_test_top.hls_ib_tlp_sqr@@vseq.l_hls_ib_tlp_seq.tlp9 [cdn_hpa_pcie_tlp] Modifying IDE TLP field to force Non-IDE TLP, force_non_ide_tlp = 0
UVM_INFO /lan/dsoft/pcie/ulasala/lbb_credit/verif/uvc_lib/cdn_pcie_tlp/cdn_hpa_pcie_tlp.sv(9401) @ 140500: uvm_test_top.hls_ib_tlp_sqr@@vseq.l_hls_ib_tlp_seq.tlp9 [uvm_test_top.m_vseqr.vseq.l_hls_ib_tlp_seq.tlp9] m_tlp_local_prefix=8d000000
UVM_INFO /lan/dsoft/pcie/ulasala/lbb_credit/verif/uvc_lib/cdn_pcie_tlp/cdn_hpa_pcie_tlp.sv(14251) @ 140500: uvm_test_top.hls_ib_tlp_sqr@@vseq.l_hls_ib_tlp_seq.tlp9 [cdn_hpa_pcie_tlp] DEBUG_ERR::TLP_NUM = 10, tlp_sent=10/m_tlp_formed=0/m_tlp_sent_all=0,m_tlp_formed_all=0, vip_user_data.has_err = 0, vip_userdata.m_error_injects = '{}, all_traffic_tlp = 0, m_ide_p = 1, m_ide_prefix_present = 0, m_ide_tlp_prefix = 78
UVM_INFO /lan/dsoft/pcie/ulasala/lbb_credit/verif/uvc_lib/cdn_pcie_tlp/cdn_pcie_vip_userdata.sv(710) @ 140500: reporter [cdn_pcie_vip_userdata] DEBUG_ERR::TLP_NUM = 10, 
 is_blocking_tr = 0,
 unique_id = 0,
 has_err = 0,
 m_error_injects = '{} 

UVM_INFO /lan/dsoft/pcie/ulasala/lbb_credit/verif/uvc_lib/cdn_pcie_tlp/cdn_hpa_pcie_tlp.sv(12840) @ 140500: uvm_test_top.hls_ib_tlp_sqr@@vseq.l_hls_ib_tlp_seq.tlp9 [DEBUG_CXL_VER]  TLP File cxl_ver =          3 cxl_mode=1  vdm_for_cxl=0 cxl_ldid_prefix=0 m_cxl_vdm_pm_logical_opcode=CDN_HPA_CXL_AGENT_INFO m_tlp_tc= 3 m_stream_id = 0 m_ide_t = 0 strap_is_rp = 1, tdisp_func_num = 0, tdisp_is_ib = 1,tdisp_stream_id = 80700b8c,default_stream_id = e966e1d9, msg_type_tc_0 = 0
UVM_INFO /lan/dsoft/pcie/ulasala/lbb_credit/verif/uvc_lib/cdn_pcie_tlp/cdn_hpa_pcie_tlp.sv(12841) @ 140500: uvm_test_top.hls_ib_tlp_sqr@@vseq.l_hls_ib_tlp_seq.tlp9 [DEBUG_STREAM_SRC]  stream_src: use_user_defined_stream_id=1 m_stream_id_int=-1 m_stream_id=0 m_sel_stream_possible=0 m_ide_prefix_possible=0 m_ide_prefix_present=0 m_tlp_tc=3 m_tlp_msg_rout_type=CDN_HPA_PCIE_TLP_MSG_ROUT_BY_ID m_tlp_msg_code=CDN_HPA_PCIE_TLP_MSG_VD_Type0 usp_func_num=0
UVM_INFO /lan/dsoft/pcie/ulasala/lbb_credit/verif/uvc_lib/cdn_pcie_hls_bridge/sv/sequences/cdn_pcie_hls_bridge_tlp_seq.sv(441) @ 140500: uvm_test_top.hls_ib_tlp_sqr@@vseq.l_hls_ib_tlp_seq [cdn_pcie_hls_bridge_tlp_seq] Randomized TLP to target AXI = -----------------------------------------------------------------------------------------------------------------------------------------------------
Name                             Type              Size  Value                                                                                       
-----------------------------------------------------------------------------------------------------------------------------------------------------
tlp9                             cdn_hpa_pcie_tlp  -     @4143973                                                                                    
  begin_time                     time              64    140500                                                                                      
  depth                          int               32    'd3                                                                                         
  parent sequence (name)         string            16    l_hls_ib_tlp_seq                                                                            
  parent sequence (full name)    string            42    uvm_test_top.m_vseqr.vseq.l_hls_ib_tlp_seq                                                  
  sequencer                      string            27    uvm_test_top.hls_ib_tlp_sqr                                                                 
  is_ide_tlp                     integral          1     'h0                                                                                         
  is_flit_mode                   integral          1     'h1                                                                                         
  pcie_6_1_support               integral          1     'h1                                                                                         
  cxl_mode                       integral          1     'h1                                                                                         
  cxl_sbsa_test                  integral          1     'h0                                                                                         
  is_cxl_pbr_mode                integral          1     'h0                                                                                         
  hpa_generation                 string            16    hpa_generation_2                                                                            
  apply_directed_tlp             integral          1     'h0                                                                                         
  axi_region_prog                integral          1     'h0                                                                                         
  m_tlp_req_type                 string            33    CDN_HPA_PCIE_TRANS_NON_POSTED_REQ                                                           
  m_tlp_type                     string            28    CDN_HPA_PCIE_TLP_TYPE_Cas_64                                                                
  m_tlp_trans_type               string            27    CDN_HPA_PCIE_TRANS_MEM_TYPE                                                                 
  m_tlp_vdm_msg_subtype          string            28    CDN_HPA_PCIE_TLP_VDM_HIER_ID                                                                
  m_type                         integral          8     'h6e                                                                                        
  m_tlp_tc                       integral          3     'h3                                                                                         
  m_ohc_hdr                      string            92    '{ohc_ex_present:no_ohc_ex_present, ohc_c_present:'h0, ohc_b_present:'h0, ohc_a_present:'h1}
  m_ts                           string            23    CDN_HPA_PCIE_NO_TRAILER                                                                     
  m_tlp_attr                     integral          3     'h0                                                                                         
  m_tlp_length                   integral          10    'h4                                                                                         
  m_tlp_tag                      integral          14    'h204                                                                                       
  m_tlp_ep                       integral          1     'h0                                                                                         
  implcit_byte_enable_mem_tlps   integral          1     'h0                                                                                         
  m_tlp_last_dw_be               integral          4     'h0                                                                                         
  m_tlp_first_dw_be              integral          4     'h0                                                                                         
  m_tlp_requester_id             integral          16    'h3900                                                                                      
  m_tlp_addr                     integral          64    'h202eda65a528a720                                                                          
  m_tlp_at_type                  string            28    CDN_HPA_PCIE_AT_Untranslated                                                                
  m_tlp_uses_dedicated_credits   integral          1     'h0                                                                                         
  m_max_no_of_local_prefixes     integral          2     'h1                                                                                         
  m_local_prefix_possible        integral          1     'h0                                                                                         
  m_tlp_local_prefix[0]          integral          32    'h8d000000                                                                                  
  m_tlp_local_prefix_data[0]     integral          24    'h0                                                                                         
  m_hdr_type_local_prefix[0]     string            35    CDN_HPA_PCIE_FLIT_MODE_LOCAL_PREFIX                                                         
  m_max_no_of_prefixes           integral          3     'h0                                                                                         
  m_ohc_a                        integral          32    'h0                                                                                         
  m_tlp_payload[0]               integral          8     'h8d                                                                                        
  m_tlp_payload[1]               integral          8     'h3f                                                                                        
  m_tlp_payload[2]               integral          8     'h7a                                                                                        
  m_tlp_payload[3]               integral          8     'h4f                                                                                        
  m_tlp_payload[4]               integral          8     'h22                                                                                        
  m_tlp_payload[5]               integral          8     'h57                                                                                        
  m_tlp_payload[6]               integral          8     'hda                                                                                        
  m_tlp_payload[7]               integral          8     'h26                                                                                        
  m_tlp_payload[8]               integral          8     'h71                                                                                        
  m_tlp_payload[9]               integral          8     'ha1                                                                                        
  m_tlp_payload[10]              integral          8     'hc7                                                                                        
  m_tlp_payload[11]              integral          8     'ha3                                                                                        
  m_tlp_payload[12]              integral          8     'hb9                                                                                        
  m_tlp_payload[13]              integral          8     'hcd                                                                                        
  m_tlp_payload[14]              integral          8     'h4d                                                                                        
  m_tlp_payload[15]              integral          8     'h83                                                                                        
  second_dw_byte_6_field_6_rsvd  integral          1     'h0                                                                                         
  m_ohc_a1_byte_0_field_7_rsvd   integral          1     'h0                                                                                         
  pkt_num                        integral          32    'h0                                                                                         
  np_pkt_num                     integral          32    'h0                                                                                         
  pkt_rx_time                    time              64    0                                                                                           
  is_ib_pkt                      integral          1     'h0                                                                                         
  m_cpl_part                     integral          32    'h0                                                                                         
  m_expect_enderror              integral          1     'h0                                                                                         
  cxl_io_tlp                     integral          1     'h0                                                                                         
  cxl_io_rcrb_tlp                integral          1     'h0                                                                                         
  cxl_io_membar_tlp              integral          1     'h0                                                                                         
  m_data_3DW                     string            34    0x6e610004__0x39000204__0x202eda65                                                          
-----------------------------------------------------------------------------------------------------------------------------------------------------

UVM_INFO /lan/dsoft/pcie/ulasala/lbb_credit/verif/uvc_lib/cdn_pcie_hpa/sv/common/cdn_pcie_hpa_common/cdn_pcie_hpa_cif_tlp_router.sv(1373) @ 140500: uvm_test_top.sve.m_hls_ib_trans_env.cif_router [uvm_test_top.sve.m_hls_ib_trans_env.cif_router] tlp_router(): misc_if.ob_traffic_detected=0 misc_if.ob_traffic_cnt=0
UVM_INFO /lan/dsoft/pcie/ulasala/lbb_credit/verif/uvc_lib/cdn_pcie_hpa/sv/common/cdn_pcie_hpa_common/cdn_pcie_hpa_cif_tlp_router.sv(1374) @ 140500: uvm_test_top.sve.m_hls_ib_trans_env.cif_router [uvm_test_top.sve.m_hls_ib_trans_env.cif_router] bfm_driver() Got TLP from sequencer... -----------------------------------------------------------------------------------------------------------------------------------------------------
Name                             Type              Size  Value                                                                                       
-----------------------------------------------------------------------------------------------------------------------------------------------------
tlp9                             cdn_hpa_pcie_tlp  -     @4143973                                                                                    
  begin_time                     time              64    140500                                                                                      
  depth                          int               32    'd3                                                                                         
  parent sequence (name)         string            16    l_hls_ib_tlp_seq                                                                            
  parent sequence (full name)    string            42    uvm_test_top.m_vseqr.vseq.l_hls_ib_tlp_seq                                                  
  sequencer                      string            27    uvm_test_top.hls_ib_tlp_sqr                                                                 
  is_ide_tlp                     integral          1     'h0                                                                                         
  is_flit_mode                   integral          1     'h1                                                                                         
  pcie_6_1_support               integral          1     'h1                                                                                         
  cxl_mode                       integral          1     'h1                                                                                         
  cxl_sbsa_test                  integral          1     'h0                                                                                         
  is_cxl_pbr_mode                integral          1     'h0                                                                                         
  hpa_generation                 string            16    hpa_generation_2                                                                            
  apply_directed_tlp             integral          1     'h0                                                                                         
  axi_region_prog                integral          1     'h0                                                                                         
  m_tlp_req_type                 string            33    CDN_HPA_PCIE_TRANS_NON_POSTED_REQ                                                           
  m_tlp_type                     string            28    CDN_HPA_PCIE_TLP_TYPE_Cas_64                                                                
  m_tlp_trans_type               string            27    CDN_HPA_PCIE_TRANS_MEM_TYPE                                                                 
  m_tlp_vdm_msg_subtype          string            28    CDN_HPA_PCIE_TLP_VDM_HIER_ID                                                                
  m_type                         integral          8     'h6e                                                                                        
  m_tlp_tc                       integral          3     'h3                                                                                         
  m_ohc_hdr                      string            92    '{ohc_ex_present:no_ohc_ex_present, ohc_c_present:'h0, ohc_b_present:'h0, ohc_a_present:'h1}
  m_ts                           string            23    CDN_HPA_PCIE_NO_TRAILER                                                                     
  m_tlp_attr                     integral          3     'h0                                                                                         
  m_tlp_length                   integral          10    'h4                                                                                         
  m_tlp_tag                      integral          14    'h204                                                                                       
  m_tlp_ep                       integral          1     'h0                                                                                         
  implcit_byte_enable_mem_tlps   integral          1     'h0                                                                                         
  m_tlp_last_dw_be               integral          4     'h0                                                                                         
  m_tlp_first_dw_be              integral          4     'h0                                                                                         
  m_tlp_requester_id             integral          16    'h3900                                                                                      
  m_tlp_addr                     integral          64    'h202eda65a528a720                                                                          
  m_tlp_at_type                  string            28    CDN_HPA_PCIE_AT_Untranslated                                                                
  m_tlp_uses_dedicated_credits   integral          1     'h0                                                                                         
  m_max_no_of_local_prefixes     integral          2     'h1                                                                                         
  m_local_prefix_possible        integral          1     'h0                                                                                         
  m_tlp_local_prefix[0]          integral          32    'h8d000000                                                                                  
  m_tlp_local_prefix_data[0]     integral          24    'h0                                                                                         
  m_hdr_type_local_prefix[0]     string            35    CDN_HPA_PCIE_FLIT_MODE_LOCAL_PREFIX                                                         
  m_max_no_of_prefixes           integral          3     'h0                                                                                         
  m_ohc_a                        integral          32    'h0                                                                                         
  m_tlp_payload[0]               integral          8     'h8d                                                                                        
  m_tlp_payload[1]               integral          8     'h3f                                                                                        
  m_tlp_payload[2]               integral          8     'h7a                                                                                        
  m_tlp_payload[3]               integral          8     'h4f                                                                                        
  m_tlp_payload[4]               integral          8     'h22                                                                                        
  m_tlp_payload[5]               integral          8     'h57                                                                                        
  m_tlp_payload[6]               integral          8     'hda                                                                                        
  m_tlp_payload[7]               integral          8     'h26                                                                                        
  m_tlp_payload[8]               integral          8     'h71                                                                                        
  m_tlp_payload[9]               integral          8     'ha1                                                                                        
  m_tlp_payload[10]              integral          8     'hc7                                                                                        
  m_tlp_payload[11]              integral          8     'ha3                                                                                        
  m_tlp_payload[12]              integral          8     'hb9                                                                                        
  m_tlp_payload[13]              integral          8     'hcd                                                                                        
  m_tlp_payload[14]              integral          8     'h4d                                                                                        
  m_tlp_payload[15]              integral          8     'h83                                                                                        
  second_dw_byte_6_field_6_rsvd  integral          1     'h0                                                                                         
  m_ohc_a1_byte_0_field_7_rsvd   integral          1     'h0                                                                                         
  pkt_num                        integral          32    'h0                                                                                         
  np_pkt_num                     integral          32    'h0                                                                                         
  pkt_rx_time                    time              64    0                                                                                           
  is_ib_pkt                      integral          1     'h0                                                                                         
  m_cpl_part                     integral          32    'h0                                                                                         
  m_expect_enderror              integral          1     'h0                                                                                         
  cxl_io_tlp                     integral          1     'h0                                                                                         
  cxl_io_rcrb_tlp                integral          1     'h0                                                                                         
  cxl_io_membar_tlp              integral          1     'h0                                                                                         
  m_data_3DW                     string            34    0x6e610004__0x39000204__0x202eda65                                                          
-----------------------------------------------------------------------------------------------------------------------------------------------------

UVM_INFO /lan/dsoft/pcie/ulasala/lbb_credit/verif/uvc_lib/cdn_pcie_hpa/sv/common/cdn_pcie_hpa_common/cdn_pcie_hpa_cif_tlp_router.sv(1377) @ 140500: uvm_test_top.sve.m_hls_ib_trans_env.cif_router [uvm_test_top.sve.m_hls_ib_trans_env.cif_router] DEBUG_CIF_ROUTER_POSTED: pri_msi_msix_msg =0 bar_msi_msix_en=0
UVM_INFO /lan/dsoft/pcie/ulasala/lbb_credit/verif/uvc_lib/cdn_pcie_hpa/sv/common/cdn_pcie_hpa_common/cdn_pcie_hpa_cif_tlp_router.sv(1471) @ 140500: uvm_test_top.sve.m_hls_ib_trans_env.cif_router [uvm_test_top.sve.m_hls_ib_trans_env.cif_router] req.m_data='{'h8d, 'h0, 'h0, 'h0, 'h6e, 'h61, 'h0, 'h4, 'h39, 'h0, 'h2, 'h4, 'h20, 'h2e, 'hda, 'h65, 'ha5, 'h28, 'ha7, 'h20, 'h0, 'h0, 'h0, 'h0, 'h8d, 'h3f, 'h7a, 'h4f, 'h22, 'h57, 'hda, 'h26, 'h71, 'ha1, 'hc7, 'ha3, 'hb9, 'hcd, 'h4d, 'h83}
UVM_INFO /lan/dsoft/pcie/ulasala/lbb_credit/verif/uvc_lib/cdn_pcie_hpa/sv/common/cdn_pcie_hpa_common/cdn_pcie_hpa_cif_tlp_router.sv(1472) @ 140500: uvm_test_top.sve.m_hls_ib_trans_env.cif_router [uvm_test_top.sve.m_hls_ib_trans_env.cif_router] pcie_tlp.m_data='{'h8d, 'h0, 'h0, 'h0, 'h6e, 'h61, 'h0, 'h4, 'h39, 'h0, 'h2, 'h4, 'h20, 'h2e, 'hda, 'h65, 'ha5, 'h28, 'ha7, 'h20, 'h0, 'h0, 'h0, 'h0, 'h8d, 'h3f, 'h7a, 'h4f, 'h22, 'h57, 'hda, 'h26, 'h71, 'ha1, 'hc7, 'ha3, 'hb9, 'hcd, 'h4d, 'h83}
UVM_INFO /lan/dsoft/pcie/ulasala/lbb_credit/verif/uvc_lib/cdn_pcie_hpa/sv/common/cdn_pcie_hpa_common/cdn_pcie_hpa_cif_tlp_router.sv(1473) @ 140500: uvm_test_top.sve.m_hls_ib_trans_env.cif_router [cif_router] pf_vf_s.pf   1
UVM_INFO /lan/dsoft/pcie/ulasala/lbb_credit/verif/uvc_lib/cdn_pcie_hpa/sv/common/cdn_pcie_hpa_common/cdn_pcie_hpa_cif_tlp_router.sv(1474) @ 140500: uvm_test_top.sve.m_hls_ib_trans_env.cif_router [cif_router] pf_vf_s.vf 65535
UVM_INFO /lan/dsoft/pcie/ulasala/lbb_credit/verif/uvc_lib/cdn_pcie_hpa/sv/common/cdn_pcie_hpa_common/cdn_pcie_hpa_cif_tlp_router.sv(1475) @ 140500: uvm_test_top.sve.m_hls_ib_trans_env.cif_router [cif_router] pf_vf_s.is_vf_valid 0
UVM_INFO /lan/dsoft/pcie/ulasala/lbb_credit/verif/uvc_lib/cdn_pcie_hpa/sv/config/cdn_pcie_hpa_dev_top_config.sv(7493) @ 140500: uvm_test_top.m_remote_dev_top_config [m_remote_dev_top_config] get_pf_vf_from_req_id: For req_id=3900, Decoded PF='d0  VF='d65535  is_vf_valid=0, is_pf_valid=1
UVM_INFO /lan/dsoft/pcie/ulasala/lbb_credit/verif/uvc_lib/cdn_pcie_hpa/sv/common/cdn_pcie_hpa_common/cdn_pcie_hpa_cif_tlp_router.sv(1480) @ 140500: uvm_test_top.sve.m_hls_ib_trans_env.cif_router [cif_router] pf_vf_s.pf   0
UVM_INFO /lan/dsoft/pcie/ulasala/lbb_credit/verif/uvc_lib/cdn_pcie_hpa/sv/common/cdn_pcie_hpa_common/cdn_pcie_hpa_cif_tlp_router.sv(1481) @ 140500: uvm_test_top.sve.m_hls_ib_trans_env.cif_router [cif_router] pf_vf_s.vf 65535
UVM_INFO /lan/dsoft/pcie/ulasala/lbb_credit/verif/uvc_lib/cdn_pcie_hpa/sv/common/cdn_pcie_hpa_common/cdn_pcie_hpa_cif_tlp_router.sv(1482) @ 140500: uvm_test_top.sve.m_hls_ib_trans_env.cif_router [cif_router] pf_vf_s.is_vf_valid 0
UVM_INFO /lan/dsoft/pcie/ulasala/lbb_credit/verif/uvc_lib/cdn_pcie_hpa/sv/common/cdn_pcie_hpa_common/cdn_pcie_hpa_cif_tlp_router.sv(1510) @ 140500: uvm_test_top.sve.m_hls_ib_trans_env.cif_router [cif_router] DBG_TAG_MANAGER: PF_0  m_10_bit_tag_req_en=0 10_bit_tag_init_done=1 m_14_bit_tag_req_en=1  14_bit_tag_init_done=1
UVM_INFO /lan/dsoft/pcie/ulasala/lbb_credit/verif/uvc_lib/cdn_pcie_hpa/sv/common/cdn_pcie_hpa_common/cdn_pcie_hpa_cif_tlp_router.sv(1536) @ 140500: uvm_test_top.sve.m_hls_ib_trans_env.cif_router [cif_router] DBG_TAG_MANAGER: Pushing the NP TLP to 14_bit tag manager pool.Packet is -----------------------------------------------------------------------------------------------------------------------------------------------------
Name                             Type              Size  Value                                                                                       
-----------------------------------------------------------------------------------------------------------------------------------------------------
pcie_tlp                         cdn_hpa_pcie_tlp  -     @4142750                                                                                    
  begin_time                     time              64    140500                                                                                      
  is_ide_tlp                     integral          1     'h0                                                                                         
  is_flit_mode                   integral          1     'h1                                                                                         
  pcie_6_1_support               integral          1     'h1                                                                                         
  cxl_mode                       integral          1     'h1                                                                                         
  cxl_sbsa_test                  integral          1     'h0                                                                                         
  is_cxl_pbr_mode                integral          1     'h0                                                                                         
  hpa_generation                 string            16    hpa_generation_2                                                                            
  apply_directed_tlp             integral          1     'h0                                                                                         
  axi_region_prog                integral          1     'h0                                                                                         
  m_tlp_req_type                 string            33    CDN_HPA_PCIE_TRANS_NON_POSTED_REQ                                                           
  m_tlp_type                     string            28    CDN_HPA_PCIE_TLP_TYPE_Cas_64                                                                
  m_tlp_trans_type               string            27    CDN_HPA_PCIE_TRANS_MEM_TYPE                                                                 
  m_tlp_vdm_msg_subtype          string            28    CDN_HPA_PCIE_TLP_VDM_HIER_ID                                                                
  m_type                         integral          8     'h6e                                                                                        
  m_tlp_tc                       integral          3     'h3                                                                                         
  m_ohc_hdr                      string            92    '{ohc_ex_present:no_ohc_ex_present, ohc_c_present:'h0, ohc_b_present:'h0, ohc_a_present:'h1}
  m_ts                           string            23    CDN_HPA_PCIE_NO_TRAILER                                                                     
  m_tlp_attr                     integral          3     'h0                                                                                         
  m_tlp_length                   integral          10    'h4                                                                                         
  m_tlp_tag                      integral          14    'h204                                                                                       
  m_tlp_ep                       integral          1     'h0                                                                                         
  implcit_byte_enable_mem_tlps   integral          1     'h0                                                                                         
  m_tlp_last_dw_be               integral          4     'h0                                                                                         
  m_tlp_first_dw_be              integral          4     'h0                                                                                         
  m_tlp_requester_id             integral          16    'h3900                                                                                      
  m_tlp_addr                     integral          64    'h202eda65a528a720                                                                          
  m_tlp_at_type                  string            28    CDN_HPA_PCIE_AT_Untranslated                                                                
  m_tlp_uses_dedicated_credits   integral          1     'h0                                                                                         
  m_max_no_of_local_prefixes     integral          2     'h1                                                                                         
  m_local_prefix_possible        integral          1     'h0                                                                                         
  m_tlp_local_prefix[0]          integral          32    'h8d000000                                                                                  
  m_tlp_local_prefix_data[0]     integral          24    'h0                                                                                         
  m_hdr_type_local_prefix[0]     string            35    CDN_HPA_PCIE_FLIT_MODE_LOCAL_PREFIX                                                         
  m_max_no_of_prefixes           integral          3     'h0                                                                                         
  m_ohc_a                        integral          32    'h0                                                                                         
  m_tlp_payload[0]               integral          8     'h8d                                                                                        
  m_tlp_payload[1]               integral          8     'h3f                                                                                        
  m_tlp_payload[2]               integral          8     'h7a                                                                                        
  m_tlp_payload[3]               integral          8     'h4f                                                                                        
  m_tlp_payload[4]               integral          8     'h22                                                                                        
  m_tlp_payload[5]               integral          8     'h57                                                                                        
  m_tlp_payload[6]               integral          8     'hda                                                                                        
  m_tlp_payload[7]               integral          8     'h26                                                                                        
  m_tlp_payload[8]               integral          8     'h71                                                                                        
  m_tlp_payload[9]               integral          8     'ha1                                                                                        
  m_tlp_payload[10]              integral          8     'hc7                                                                                        
  m_tlp_payload[11]              integral          8     'ha3                                                                                        
  m_tlp_payload[12]              integral          8     'hb9                                                                                        
  m_tlp_payload[13]              integral          8     'hcd                                                                                        
  m_tlp_payload[14]              integral          8     'h4d                                                                                        
  m_tlp_payload[15]              integral          8     'h83                                                                                        
  second_dw_byte_6_field_6_rsvd  integral          1     'h0                                                                                         
  m_ohc_a1_byte_0_field_7_rsvd   integral          1     'h0                                                                                         
  pkt_num                        integral          32    'h0                                                                                         
  np_pkt_num                     integral          32    'h0                                                                                         
  pkt_rx_time                    time              64    0                                                                                           
  is_ib_pkt                      integral          1     'h0                                                                                         
  m_cpl_part                     integral          32    'h0                                                                                         
  m_expect_enderror              integral          1     'h0                                                                                         
  cxl_io_tlp                     integral          1     'h0                                                                                         
  cxl_io_rcrb_tlp                integral          1     'h0                                                                                         
  cxl_io_membar_tlp              integral          1     'h0                                                                                         
  m_data_3DW                     string            34    0x6e610004__0x39000204__0x202eda65                                                          
-----------------------------------------------------------------------------------------------------------------------------------------------------

UVM_INFO /lan/dsoft/pcie/ulasala/lbb_credit/verif/uvc_lib/cdn_pcie_hpa/sv/common/cdn_pcie_hpa_common/cdn_pcie_hpa_cif_tlp_router.sv(1586) @ 140500: uvm_test_top.sve.m_hls_ib_trans_env.cif_router [uvm_test_top.sve.m_hls_ib_trans_env.cif_router] bfm_driver() TLP driving  ... done
UVM_INFO /lan/dsoft/pcie/ulasala/lbb_credit/verif/uvc_lib/cdn_pcie_hpa/sv/common/cdn_pcie_hpa_common/cdn_pcie_hpa_cif_tlp_router.sv(1368) @ 140500: uvm_test_top.sve.m_hls_ib_trans_env.cif_router [uvm_test_top.sve.m_hls_ib_trans_env.cif_router] bfm_driver() Get TLP from sequencer... 
UVM_INFO /lan/dsoft/pcie/ulasala/lbb_credit/verif/uvc_lib/cdn_pcie_hpa/sv/common/cdn_pcie_hpa_common/cdn_pcie_hpa_tag_manager.sv(422) @ 140500: uvm_test_top.sve.m_hls_ib_trans_env.tag_manager_14_bit [uvm_test_top.sve.m_hls_ib_trans_env.tag_manager_14_bit] DEBUG 4
UVM_INFO /lan/dsoft/pcie/ulasala/lbb_credit/verif/uvc_lib/cdn_pcie_hpa/sv/common/cdn_pcie_hpa_common/cdn_pcie_hpa_tag_manager.sv(424) @ 140500: uvm_test_top.sve.m_hls_ib_trans_env.tag_manager_14_bit [uvm_test_top.sve.m_hls_ib_trans_env.tag_manager_14_bit] DEBUG 5
UVM_INFO /lan/dsoft/pcie/ulasala/lbb_credit/verif/uvc_lib/cdn_pcie_hpa/sv/config/cdn_pcie_hpa_dev_top_config.sv(7560) @ 140500: uvm_test_top.m_remote_dev_top_config [m_remote_dev_top_config] get_pf_vf_dev_cfg_from_req_id: For req_id=3900, Decoded PF='d0  VF='d-1  is_vf_valid=0, is_pf_valid=1
UVM_INFO /lan/dsoft/pcie/ulasala/lbb_credit/verif/uvc_lib/cdn_pcie_hpa/sv/common/cdn_pcie_hpa_common/cdn_pcie_hpa_tag_manager.sv(471) @ 140500: uvm_test_top.sve.m_hls_ib_trans_env.tag_manager_14_bit [DBG_TAG_MGR] For req(req_id=3900), decoded PF=0 VF=dead ext_tag_en=1
UVM_INFO /lan/dsoft/pcie/ulasala/lbb_credit/verif/uvc_lib/cdn_pcie_hls_bridge/sv/sequences/cdn_pcie_hls_bridge_tlp_seq.sv(190) @ 140500: uvm_test_top.hls_ib_tlp_sqr@@vseq.l_hls_ib_tlp_seq [cdn_pcie_hls_bridge_tlp_seq] Creating TLP10
UVM_INFO /lan/dsoft/pcie/ulasala/lbb_credit/verif/uvc_lib/cdn_pcie_hpa/sv/config/cdn_hpa_pcie_link_config.sv(786) @ 140500: uvm_test_top.m_link_config [cdn_hpa_pcie_link_config] direction = IB, pf = 1, vf = 0, dest_pf = 0, dest_vf = 0, m_dut_mode = RP
UVM_INFO /lan/dsoft/pcie/ulasala/lbb_credit/verif/uvc_lib/cdn_pcie_hls_bridge/sv/sequences/cdn_pcie_hls_bridge_tlp_seq.sv(158) @ 140500: uvm_test_top.hls_ib_tlp_sqr@@vseq.l_hls_ib_tlp_seq [cdn_pcie_hls_bridge_tlp_seq] compute_stream_id_table: per-TC stream IDs = '{-1, -1, -1, -1, -1, -1, -1, -1}, has_stream = '{'h0, 'h0, 'h0, 'h0, 'h0, 'h0, 'h0, 'h0}
UVM_INFO /lan/dsoft/pcie/ulasala/lbb_credit/verif/uvc_lib/cdn_pcie_tlp/cdn_hpa_pcie_tlp.sv(12197) @ 140500: uvm_test_top.hls_ib_tlp_sqr@@vseq.l_hls_ib_tlp_seq.tlp10 [uvm_test_top.m_vseqr.vseq.l_hls_ib_tlp_seq.tlp10] hpa_generation = hpa_generation_2, 
UVM_INFO /lan/dsoft/pcie/ulasala/lbb_credit/verif/uvc_lib/cdn_pcie_tlp/cdn_hpa_pcie_tlp.sv(12198) @ 140500: uvm_test_top.hls_ib_tlp_sqr@@vseq.l_hls_ib_tlp_seq.tlp10 [uvm_test_top.m_vseqr.vseq.l_hls_ib_tlp_seq.tlp10] is_flit_mode = 1 pcie_6_1_support=1, 
UVM_INFO /lan/dsoft/pcie/ulasala/lbb_credit/verif/uvc_lib/cdn_pcie_tlp/cdn_hpa_pcie_tlp.sv(12221) @ 140500: uvm_test_top.hls_ib_tlp_sqr@@vseq.l_hls_ib_tlp_seq.tlp10 [DEBUG_CXL_VER]  TLP File  cxl_ver =          3 cxl_mode=1  vdm_for_cxl=0 cxl_ldid_prefix=0, is_cxl_pbr_mode=0 m_pcie_dev_cfg.cxl_ldid=0001, m_cxl_ldid=0000,m_pcie_dev_cfg.m_pf_num=          1
UVM_INFO /lan/dsoft/pcie/ulasala/lbb_credit/verif/uvc_lib/cdn_pcie_hpa/sv/config/cdn_pcie_hpa_dev_top_config.sv(10604) @ 140500: uvm_test_top.m_remote_dev_top_config [cdn_pcie_hpa_dev_top_config] TC = [1] Mapped to VC = [6]
UVM_INFO /lan/dsoft/pcie/ulasala/lbb_credit/verif/uvc_lib/cdn_pcie_tlp/cdn_hpa_pcie_tlp.sv(12416) @ 140500: uvm_test_top.hls_ib_tlp_sqr@@vseq.l_hls_ib_tlp_seq.tlp10 [uvm_test_top.m_vseqr.vseq.l_hls_ib_tlp_seq.tlp10] m_tlp_type = CDN_HPA_PCIE_TLP_TYPE_MWr_64, m_tlp_addr = f000000000001000 
UVM_INFO /lan/dsoft/pcie/ulasala/lbb_credit/verif/uvc_lib/cdn_pcie_tlp/cdn_hpa_pcie_tlp.sv(12430) @ 140500: uvm_test_top.hls_ib_tlp_sqr@@vseq.l_hls_ib_tlp_seq.tlp10 [uvm_test_top.m_vseqr.vseq.l_hls_ib_tlp_seq.tlp10] m_tlp_tc = 1, m_tlp_tc_has_active_ide_stream = 0, m_ide_prefix_possible = 0, m_ide_prefix_present= 0, m_tlp_td: 0, m_sel_stream_possible = 0
UVM_INFO /lan/dsoft/pcie/ulasala/lbb_credit/verif/uvc_lib/cdn_pcie_tlp/cdn_hpa_pcie_tlp.sv(12617) @ 140500: uvm_test_top.hls_ib_tlp_sqr@@vseq.l_hls_ib_tlp_seq.tlp10 [uvm_test_top.m_vseqr.vseq.l_hls_ib_tlp_seq.tlp10] m_tlp_type = CDN_HPA_PCIE_TLP_TYPE_MWr_64, m_tlp_msg_code = CDN_HPA_PCIE_TLP_MSG_PR_Request 
UVM_INFO /lan/dsoft/pcie/ulasala/lbb_credit/verif/uvc_lib/cdn_pcie_hpa/sv/config/cdn_pcie_hpa_dev_top_config.sv(10604) @ 140500: uvm_test_top.m_remote_dev_top_config [cdn_pcie_hpa_dev_top_config] TC = [1] Mapped to VC = [6]
UVM_INFO /lan/dsoft/pcie/ulasala/lbb_credit/verif/uvc_lib/cdn_pcie_tlp/cdn_hpa_pcie_tlp.sv(12872) @ 140500: uvm_test_top.hls_ib_tlp_sqr@@vseq.l_hls_ib_tlp_seq.tlp10 [cdn_hpa_pcie_tlp] DEBUG_SEQ_ITEM:pre inclusion m_tlp_length = 2, m_tlp_payload.size() = 8, m_user_error_inject_obj.m_user_error_injects.size = 0 
UVM_INFO /lan/dsoft/pcie/ulasala/lbb_credit/verif/uvc_lib/cdn_pcie_tlp/cdn_hpa_pcie_tlp.sv(12874) @ 140500: uvm_test_top.hls_ib_tlp_sqr@@vseq.l_hls_ib_tlp_seq.tlp10 [DEBUG::DATA] DEBUG::DATA: m_tlp_type = CDN_HPA_PCIE_TLP_TYPE_MWr_64, m_tlp_at_type = CDN_HPA_PCIE_AT_Untranslated, m_pasid_prefix_present = 1, m_pasid_value=15, m_max_pasid_val=1f
UVM_INFO /lan/dsoft/pcie/ulasala/lbb_credit/verif/uvc_lib/cdn_pcie_tlp/cdn_hpa_pcie_tlp.sv(14364) @ 140500: uvm_test_top.hls_ib_tlp_sqr@@vseq.l_hls_ib_tlp_seq.tlp10 [cdn_hpa_pcie_tlp] DEBUG_SEQ_ITEM:config_error_control 
 TLP no =10,
 enable_inject_errors = 0,
 top_cfg_enable_errors = 0,
 m_pcie_dev_top_cfg.freq_err = 180,
 tlp_sqr_handle.b2b_err_inj = 0,
 tlp_sqr_handle.pos_tlp_b2b_err_inj = 0,
, tlp_sqr_handle.num_tlp_b2b_err_inj = 0,
 tlp_sqr_handle.num_tlps = 0,
 m_pcie_dev_top_cfg.tc_vc_mapping_done =0,
 m_pcie_dev_top_cfg.dllp_err_inj=0,
 m_pcie_dev_top_cfg.dll_flit_err_inj =0,
 m_pcie_dev_top_cfg.tlp_err_inj=0, m_pcie_dev_top_cfg.poisoned_err_inj = 0, 
 m_pcie_dev_top_cfg.ecrc_err_inj = 0, 
 m_pcie_dev_top_cfg.mf_err_inj = 0, 
 m_pcie_dev_top_cfg.ur_err_inj = 0,
 m_pcie_dev_top_cfg.cpl_err_inj = 0,
 m_pcie_dev_top_cfg.plp_err_inj = 0, m_pcie_dev_top_cfg.ide_err_inj = 0, 
 error_control = 0,
 m_pcie_dev_top_cfg.num_errors = 0,
 m_pcie_dev_top_cfg.m_num_allowed_errors = 0, 
 m_scenario_error_inject = CDN_HPA_PCIE_TLP_NO_ERR 
  m_ptc_test_err_scen=0
UVM_INFO /lan/dsoft/pcie/ulasala/lbb_credit/verif/uvc_lib/cdn_pcie_tlp/cdn_hpa_pcie_tlp.sv(9401) @ 140500: uvm_test_top.hls_ib_tlp_sqr@@vseq.l_hls_ib_tlp_seq.tlp10 [uvm_test_top.m_vseqr.vseq.l_hls_ib_tlp_seq.tlp10] m_tlp_local_prefix=8ed9d6fa
UVM_INFO /lan/dsoft/pcie/ulasala/lbb_credit/verif/uvc_lib/cdn_pcie_tlp/cdn_hpa_pcie_tlp.sv(9401) @ 140500: uvm_test_top.hls_ib_tlp_sqr@@vseq.l_hls_ib_tlp_seq.tlp10 [uvm_test_top.m_vseqr.vseq.l_hls_ib_tlp_seq.tlp10] m_tlp_local_prefix=8d800000
UVM_INFO /lan/dsoft/pcie/ulasala/lbb_credit/verif/uvc_lib/cdn_pcie_tlp/cdn_hpa_pcie_tlp.sv(14158) @ 140500: uvm_test_top.hls_ib_tlp_sqr@@vseq.l_hls_ib_tlp_seq.tlp10 [cdn_hpa_pcie_tlp] DEBUG_SEQ_ITEM: m_data=0x8ed9d6fa__0x8d800000__0x60330c02__0x39010000__0xf0000000__0x00001000__0x40001588__0x00000090__0x1f0771d8__0x1fde1852__0x65c4dd52__0x7392e3f9
UVM_INFO /lan/dsoft/pcie/ulasala/lbb_credit/verif/uvc_lib/cdn_pcie_tlp/cdn_hpa_pcie_tlp.sv(14167) @ 140500: uvm_test_top.hls_ib_tlp_sqr@@vseq.l_hls_ib_tlp_seq.tlp10 [uvm_test_top.m_vseqr.vseq.l_hls_ib_tlp_seq.tlp10] m_tlp_td = 0, m_td_wo_ecrc = 0, m_no_td_ecrc = 0, pack_ecrc = 0
UVM_INFO /lan/dsoft/pcie/ulasala/lbb_credit/verif/uvc_lib/cdn_pcie_tlp/cdn_hpa_pcie_tlp.sv(14171) @ 140500: uvm_test_top.hls_ib_tlp_sqr@@vseq.l_hls_ib_tlp_seq.tlp10 [cdn_hpa_pcie_tlp] Modifying IDE TLP field to force Non-IDE TLP, force_non_ide_tlp = 0
UVM_INFO /lan/dsoft/pcie/ulasala/lbb_credit/verif/uvc_lib/cdn_pcie_tlp/cdn_hpa_pcie_tlp.sv(9401) @ 140500: uvm_test_top.hls_ib_tlp_sqr@@vseq.l_hls_ib_tlp_seq.tlp10 [uvm_test_top.m_vseqr.vseq.l_hls_ib_tlp_seq.tlp10] m_tlp_local_prefix=8ed9d6fa
UVM_INFO /lan/dsoft/pcie/ulasala/lbb_credit/verif/uvc_lib/cdn_pcie_tlp/cdn_hpa_pcie_tlp.sv(9401) @ 140500: uvm_test_top.hls_ib_tlp_sqr@@vseq.l_hls_ib_tlp_seq.tlp10 [uvm_test_top.m_vseqr.vseq.l_hls_ib_tlp_seq.tlp10] m_tlp_local_prefix=8d800000
UVM_INFO /lan/dsoft/pcie/ulasala/lbb_credit/verif/uvc_lib/cdn_pcie_tlp/cdn_hpa_pcie_tlp.sv(14251) @ 140500: uvm_test_top.hls_ib_tlp_sqr@@vseq.l_hls_ib_tlp_seq.tlp10 [cdn_hpa_pcie_tlp] DEBUG_ERR::TLP_NUM = 11, tlp_sent=11/m_tlp_formed=0/m_tlp_sent_all=0,m_tlp_formed_all=0, vip_user_data.has_err = 0, vip_userdata.m_error_injects = '{}, all_traffic_tlp = 0, m_ide_p = 1, m_ide_prefix_present = 0, m_ide_tlp_prefix = 78
UVM_INFO /lan/dsoft/pcie/ulasala/lbb_credit/verif/uvc_lib/cdn_pcie_tlp/cdn_pcie_vip_userdata.sv(710) @ 140500: reporter [cdn_pcie_vip_userdata] DEBUG_ERR::TLP_NUM = 11, 
 is_blocking_tr = 0,
 unique_id = 0,
 has_err = 0,
 m_error_injects = '{} 

UVM_INFO /lan/dsoft/pcie/ulasala/lbb_credit/verif/uvc_lib/cdn_pcie_tlp/cdn_hpa_pcie_tlp.sv(12840) @ 140500: uvm_test_top.hls_ib_tlp_sqr@@vseq.l_hls_ib_tlp_seq.tlp10 [DEBUG_CXL_VER]  TLP File cxl_ver =          3 cxl_mode=1  vdm_for_cxl=0 cxl_ldid_prefix=0 m_cxl_vdm_pm_logical_opcode=CDN_HPA_CXL_GPF m_tlp_tc= 1 m_stream_id = 0 m_ide_t = 0 strap_is_rp = 1, tdisp_func_num = 1, tdisp_is_ib = 0,tdisp_stream_id = 39848daf,default_stream_id = ea365697, msg_type_tc_0 = 0
UVM_INFO /lan/dsoft/pcie/ulasala/lbb_credit/verif/uvc_lib/cdn_pcie_tlp/cdn_hpa_pcie_tlp.sv(12841) @ 140500: uvm_test_top.hls_ib_tlp_sqr@@vseq.l_hls_ib_tlp_seq.tlp10 [DEBUG_STREAM_SRC]  stream_src: use_user_defined_stream_id=1 m_stream_id_int=-1 m_stream_id=0 m_sel_stream_possible=0 m_ide_prefix_possible=0 m_ide_prefix_present=0 m_tlp_tc=1 m_tlp_msg_rout_type=CDN_HPA_PCIE_TLP_MSG_ROUT_TO_RC m_tlp_msg_code=CDN_HPA_PCIE_TLP_MSG_PR_Request usp_func_num=1
UVM_INFO /lan/dsoft/pcie/ulasala/lbb_credit/verif/uvc_lib/cdn_pcie_hls_bridge/sv/sequences/cdn_pcie_hls_bridge_tlp_seq.sv(656) @ 140500: uvm_test_top.hls_ib_tlp_sqr@@vseq.l_hls_ib_tlp_seq [cdn_pcie_hls_bridge_tlp_seq] Randomized TLP to target MSI = --------------------------------------------------------------------------------------------------------------------------------------------------
Name                             Type              Size  Value                                                                                    
--------------------------------------------------------------------------------------------------------------------------------------------------
tlp10                            cdn_hpa_pcie_tlp  -     @4143874                                                                                 
  begin_time                     time              64    140500                                                                                   
  depth                          int               32    'd3                                                                                      
  parent sequence (name)         string            16    l_hls_ib_tlp_seq                                                                         
  parent sequence (full name)    string            42    uvm_test_top.m_vseqr.vseq.l_hls_ib_tlp_seq                                               
  sequencer                      string            27    uvm_test_top.hls_ib_tlp_sqr                                                              
  is_ide_tlp                     integral          1     'h0                                                                                      
  is_flit_mode                   integral          1     'h1                                                                                      
  pcie_6_1_support               integral          1     'h1                                                                                      
  cxl_mode                       integral          1     'h1                                                                                      
  cxl_sbsa_test                  integral          1     'h0                                                                                      
  is_cxl_pbr_mode                integral          1     'h0                                                                                      
  hpa_generation                 string            16    hpa_generation_2                                                                         
  apply_directed_tlp             integral          1     'h0                                                                                      
  axi_region_prog                integral          1     'h0                                                                                      
  m_tlp_req_type                 string            29    CDN_HPA_PCIE_TRANS_POSTED_REQ                                                            
  m_tlp_type                     string            28    CDN_HPA_PCIE_TLP_TYPE_MWr_64                                                             
  m_tlp_trans_type               string            27    CDN_HPA_PCIE_TRANS_MEM_TYPE                                                              
  m_tlp_vdm_msg_subtype          string            33    CDN_HPA_PCIE_TLP_VDM_STD_VD_TYPE1                                                        
  m_type                         integral          8     'h60                                                                                     
  m_tlp_tc                       integral          3     'h1                                                                                      
  m_ohc_hdr                      string            89    '{ohc_ex_present:ohc_e2_present, ohc_c_present:'h0, ohc_b_present:'h1, ohc_a_present:'h1}
  m_ts                           string            23    CDN_HPA_PCIE_NO_TRAILER                                                                  
  m_tlp_attr                     integral          3     'h3                                                                                      
  m_tlp_length                   integral          10    'h2                                                                                      
  m_tlp_tag                      integral          14    'h0                                                                                      
  m_tlp_ep                       integral          1     'h0                                                                                      
  implcit_byte_enable_mem_tlps   integral          1     'h0                                                                                      
  m_tlp_last_dw_be               integral          4     'h8                                                                                      
  m_tlp_first_dw_be              integral          4     'h8                                                                                      
  m_tlp_requester_id             integral          16    'h3901                                                                                   
  m_tlp_addr                     integral          64    'hf000000000001000                                                                       
  m_tlp_at_type                  string            28    CDN_HPA_PCIE_AT_Untranslated                                                             
  m_tlp_uses_dedicated_credits   integral          1     'h1                                                                                      
  m_max_no_of_local_prefixes     integral          2     'h2                                                                                      
  m_local_prefix_possible        integral          1     'h1                                                                                      
  m_tlp_local_prefix[0]          integral          32    'h8ed9d6fa                                                                               
  m_tlp_local_prefix_data[0]     integral          24    'hd9d6fa                                                                                 
  m_hdr_type_local_prefix[0]     string            27    CDN_HPA_PCIE_VEND_PREFIX_L0                                                              
  m_tlp_local_prefix[1]          integral          32    'h8d800000                                                                               
  m_tlp_local_prefix_data[1]     integral          24    'h800000                                                                                 
  m_hdr_type_local_prefix[1]     string            35    CDN_HPA_PCIE_FLIT_MODE_LOCAL_PREFIX                                                      
  m_max_no_of_prefixes           integral          3     'h1                                                                                      
  m_tph_present                  integral          1     'h1                                                                                      
  m_ext_tph_prefix_present       integral          1     'h0                                                                                      
  m_pasid_prefix_present         integral          1     'h1                                                                                      
  m_ide_prefix_present           integral          1     'h0                                                                                      
  m_sel_stream_possible          integral          1     'h0                                                                                      
  m_ohc_a                        integral          32    'h40001588                                                                               
  m_pasid_value                  integral          20    'h15                                                                                     
  m_pasid_pri_value              integral          1     'h0                                                                                      
  m_pasid_exec_value             integral          1     'h0                                                                                      
  m_ohc_b                        integral          32    'h90                                                                                     
  m_tlp_st_tag                   integral          16    'h0                                                                                      
  m_tlp_ph                       integral          2     'h2                                                                                      
  m_hv                           integral          2     'h1                                                                                      
  m_ama_value                    integral          3     'h0                                                                                      
  m_ama_valid                    integral          1     'h0                                                                                      
  num_of_vnd_e2e_prefixes        integral          3     'h2                                                                                      
  num_of_valid_vnd_e2e_prefixes  integral          3     'h2                                                                                      
  m_ohc_e[0]                     integral          32    'h1f0771d8                                                                               
  m_ohc_e[1]                     integral          32    'h1fde1852                                                                               
  m_tlp_payload[0]               integral          8     'h65                                                                                     
  m_tlp_payload[1]               integral          8     'hc4                                                                                     
  m_tlp_payload[2]               integral          8     'hdd                                                                                     
  m_tlp_payload[3]               integral          8     'h52                                                                                     
  m_tlp_payload[4]               integral          8     'h73                                                                                     
  m_tlp_payload[5]               integral          8     'h92                                                                                     
  m_tlp_payload[6]               integral          8     'he3                                                                                     
  m_tlp_payload[7]               integral          8     'hf9                                                                                     
  second_dw_byte_6_field_6_rsvd  integral          1     'h0                                                                                      
  m_ohc_a1_byte_0_field_7_rsvd   integral          1     'h0                                                                                      
  m_ohc_b_byte_0_rsvd            integral          8     'h0                                                                                      
  pasid_byte_1_rsvd_field_5_4    integral          2     'h0                                                                                      
  pkt_num                        integral          32    'h0                                                                                      
  p_pkt_num                      integral          32    'h0                                                                                      
  pkt_rx_time                    time              64    0                                                                                        
  is_ib_pkt                      integral          1     'h0                                                                                      
  m_cpl_part                     integral          32    'h0                                                                                      
  m_expect_enderror              integral          1     'h0                                                                                      
  cxl_io_tlp                     integral          1     'h0                                                                                      
  cxl_io_rcrb_tlp                integral          1     'h0                                                                                      
  cxl_io_membar_tlp              integral          1     'h0                                                                                      
  m_data_3DW                     string            34    0x39010000__0xf0000000__0x00001000                                                       
--------------------------------------------------------------------------------------------------------------------------------------------------

UVM_INFO /lan/dsoft/pcie/ulasala/lbb_credit/verif/uvc_lib/cdn_pcie_hpa/sv/common/cdn_pcie_hpa_common/cdn_pcie_hpa_cif_tlp_router.sv(1373) @ 140500: uvm_test_top.sve.m_hls_ib_trans_env.cif_router [uvm_test_top.sve.m_hls_ib_trans_env.cif_router] tlp_router(): misc_if.ob_traffic_detected=0 misc_if.ob_traffic_cnt=0
UVM_INFO /lan/dsoft/pcie/ulasala/lbb_credit/verif/uvc_lib/cdn_pcie_hpa/sv/common/cdn_pcie_hpa_common/cdn_pcie_hpa_cif_tlp_router.sv(1374) @ 140500: uvm_test_top.sve.m_hls_ib_trans_env.cif_router [uvm_test_top.sve.m_hls_ib_trans_env.cif_router] bfm_driver() Got TLP from sequencer... --------------------------------------------------------------------------------------------------------------------------------------------------
Name                             Type              Size  Value                                                                                    
--------------------------------------------------------------------------------------------------------------------------------------------------
tlp10                            cdn_hpa_pcie_tlp  -     @4143874                                                                                 
  begin_time                     time              64    140500                                                                                   
  depth                          int               32    'd3                                                                                      
  parent sequence (name)         string            16    l_hls_ib_tlp_seq                                                                         
  parent sequence (full name)    string            42    uvm_test_top.m_vseqr.vseq.l_hls_ib_tlp_seq                                               
  sequencer                      string            27    uvm_test_top.hls_ib_tlp_sqr                                                              
  is_ide_tlp                     integral          1     'h0                                                                                      
  is_flit_mode                   integral          1     'h1                                                                                      
  pcie_6_1_support               integral          1     'h1                                                                                      
  cxl_mode                       integral          1     'h1                                                                                      
  cxl_sbsa_test                  integral          1     'h0                                                                                      
  is_cxl_pbr_mode                integral          1     'h0                                                                                      
  hpa_generation                 string            16    hpa_generation_2                                                                         
  apply_directed_tlp             integral          1     'h0                                                                                      
  axi_region_prog                integral          1     'h0                                                                                      
  m_tlp_req_type                 string            29    CDN_HPA_PCIE_TRANS_POSTED_REQ                                                            
  m_tlp_type                     string            28    CDN_HPA_PCIE_TLP_TYPE_MWr_64                                                             
  m_tlp_trans_type               string            27    CDN_HPA_PCIE_TRANS_MEM_TYPE                                                              
  m_tlp_vdm_msg_subtype          string            33    CDN_HPA_PCIE_TLP_VDM_STD_VD_TYPE1                                                        
  m_type                         integral          8     'h60                                                                                     
  m_tlp_tc                       integral          3     'h1                                                                                      
  m_ohc_hdr                      string            89    '{ohc_ex_present:ohc_e2_present, ohc_c_present:'h0, ohc_b_present:'h1, ohc_a_present:'h1}
  m_ts                           string            23    CDN_HPA_PCIE_NO_TRAILER                                                                  
  m_tlp_attr                     integral          3     'h3                                                                                      
  m_tlp_length                   integral          10    'h2                                                                                      
  m_tlp_tag                      integral          14    'h0                                                                                      
  m_tlp_ep                       integral          1     'h0                                                                                      
  implcit_byte_enable_mem_tlps   integral          1     'h0                                                                                      
  m_tlp_last_dw_be               integral          4     'h8                                                                                      
  m_tlp_first_dw_be              integral          4     'h8                                                                                      
  m_tlp_requester_id             integral          16    'h3901                                                                                   
  m_tlp_addr                     integral          64    'hf000000000001000                                                                       
  m_tlp_at_type                  string            28    CDN_HPA_PCIE_AT_Untranslated                                                             
  m_tlp_uses_dedicated_credits   integral          1     'h1                                                                                      
  m_max_no_of_local_prefixes     integral          2     'h2                                                                                      
  m_local_prefix_possible        integral          1     'h1                                                                                      
  m_tlp_local_prefix[0]          integral          32    'h8ed9d6fa                                                                               
  m_tlp_local_prefix_data[0]     integral          24    'hd9d6fa                                                                                 
  m_hdr_type_local_prefix[0]     string            27    CDN_HPA_PCIE_VEND_PREFIX_L0                                                              
  m_tlp_local_prefix[1]          integral          32    'h8d800000                                                                               
  m_tlp_local_prefix_data[1]     integral          24    'h800000                                                                                 
  m_hdr_type_local_prefix[1]     string            35    CDN_HPA_PCIE_FLIT_MODE_LOCAL_PREFIX                                                      
  m_max_no_of_prefixes           integral          3     'h1                                                                                      
  m_tph_present                  integral          1     'h1                                                                                      
  m_ext_tph_prefix_present       integral          1     'h0                                                                                      
  m_pasid_prefix_present         integral          1     'h1                                                                                      
  m_ide_prefix_present           integral          1     'h0                                                                                      
  m_sel_stream_possible          integral          1     'h0                                                                                      
  m_ohc_a                        integral          32    'h40001588                                                                               
  m_pasid_value                  integral          20    'h15                                                                                     
  m_pasid_pri_value              integral          1     'h0                                                                                      
  m_pasid_exec_value             integral          1     'h0                                                                                      
  m_ohc_b                        integral          32    'h90                                                                                     
  m_tlp_st_tag                   integral          16    'h0                                                                                      
  m_tlp_ph                       integral          2     'h2                                                                                      
  m_hv                           integral          2     'h1                                                                                      
  m_ama_value                    integral          3     'h0                                                                                      
  m_ama_valid                    integral          1     'h0                                                                                      
  num_of_vnd_e2e_prefixes        integral          3     'h2                                                                                      
  num_of_valid_vnd_e2e_prefixes  integral          3     'h2                                                                                      
  m_ohc_e[0]                     integral          32    'h1f0771d8                                                                               
  m_ohc_e[1]                     integral          32    'h1fde1852                                                                               
  m_tlp_payload[0]               integral          8     'h65                                                                                     
  m_tlp_payload[1]               integral          8     'hc4                                                                                     
  m_tlp_payload[2]               integral          8     'hdd                                                                                     
  m_tlp_payload[3]               integral          8     'h52                                                                                     
  m_tlp_payload[4]               integral          8     'h73                                                                                     
  m_tlp_payload[5]               integral          8     'h92                                                                                     
  m_tlp_payload[6]               integral          8     'he3                                                                                     
  m_tlp_payload[7]               integral          8     'hf9                                                                                     
  second_dw_byte_6_field_6_rsvd  integral          1     'h0                                                                                      
  m_ohc_a1_byte_0_field_7_rsvd   integral          1     'h0                                                                                      
  m_ohc_b_byte_0_rsvd            integral          8     'h0                                                                                      
  pasid_byte_1_rsvd_field_5_4    integral          2     'h0                                                                                      
  pkt_num                        integral          32    'h0                                                                                      
  p_pkt_num                      integral          32    'h0                                                                                      
  pkt_rx_time                    time              64    0                                                                                        
  is_ib_pkt                      integral          1     'h0                                                                                      
  m_cpl_part                     integral          32    'h0                                                                                      
  m_expect_enderror              integral          1     'h0                                                                                      
  cxl_io_tlp                     integral          1     'h0                                                                                      
  cxl_io_rcrb_tlp                integral          1     'h0                                                                                      
  cxl_io_membar_tlp              integral          1     'h0                                                                                      
  m_data_3DW                     string            34    0x39010000__0xf0000000__0x00001000                                                       
--------------------------------------------------------------------------------------------------------------------------------------------------

UVM_INFO /lan/dsoft/pcie/ulasala/lbb_credit/verif/uvc_lib/cdn_pcie_hpa/sv/common/cdn_pcie_hpa_common/cdn_pcie_hpa_cif_tlp_router.sv(1377) @ 140500: uvm_test_top.sve.m_hls_ib_trans_env.cif_router [uvm_test_top.sve.m_hls_ib_trans_env.cif_router] DEBUG_CIF_ROUTER_POSTED: pri_msi_msix_msg =1 bar_msi_msix_en=0
UVM_INFO /lan/dsoft/pcie/ulasala/lbb_credit/verif/uvc_lib/cdn_pcie_hpa/sv/config/cdn_pcie_hpa_dev_top_config.sv(10604) @ 140500: uvm_test_top.m_remote_dev_top_config [cdn_pcie_hpa_dev_top_config] TC = [1] Mapped to VC = [6]
UVM_INFO /lan/dsoft/pcie/ulasala/lbb_credit/verif/uvc_lib/cdn_pcie_hpa/sv/common/cdn_pcie_hpa_common/cdn_pcie_hpa_cif_tlp_router.sv(1450) @ 140500: uvm_test_top.sve.m_hls_ib_trans_env.cif_router [uvm_test_top.sve.m_hls_ib_trans_env.cif_router] waiting for finish item complete
UVM_INFO /lan/dsoft/pcie/ulasala/lbb_credit/verif/uvc_lib/cdn_pcie_hls_bridge/sv/sequences/cdn_pcie_hls_bridge_tlp2cxs_seq.sv(126) @ 140500: uvm_test_top.m_vseqr@@cdn_pcie_hpa_tlp2cxs_seq_h[0] [cdn_pcie_hpa_tlp2cxs_seq_h[0]] loop_pkt = 1/1
UVM_INFO /lan/dsoft/pcie/ulasala/lbb_credit/verif/uvc_lib/cdn_pcie_hls_bridge/sv/sequences/cdn_pcie_hls_bridge_tlp2cxs_seq.sv(127) @ 140500: uvm_test_top.m_vseqr@@cdn_pcie_hpa_tlp2cxs_seq_h[0] [cdn_pcie_hls_bridge_tlp2cxs_seq] Sending TLP over CSX:
--------------------------------------------------------------------------------------------------------------------------------------------------
Name                             Type              Size  Value                                                                                    
--------------------------------------------------------------------------------------------------------------------------------------------------
pcie_tlp                         cdn_hpa_pcie_tlp  -     @4108323                                                                                 
  begin_time                     time              64    140500                                                                                   
  depth                          int               32    'd2                                                                                      
  parent sequence (name)         string            29    cdn_pcie_hpa_tlp2cxs_seq_h[0]                                                            
  parent sequence (full name)    string            50    uvm_test_top.m_vseqr.cdn_pcie_hpa_tlp2cxs_seq_h[0]                                       
  sequencer                      string            64    uvm_test_top.sve.m_hls_ib_trans_env.cif_router.m_ob_p_tlp_sqr[0]                         
  is_ide_tlp                     integral          1     'h0                                                                                      
  is_flit_mode                   integral          1     'h1                                                                                      
  pcie_6_1_support               integral          1     'h1                                                                                      
  cxl_mode                       integral          1     'h1                                                                                      
  cxl_sbsa_test                  integral          1     'h0                                                                                      
  is_cxl_pbr_mode                integral          1     'h0                                                                                      
  hpa_generation                 string            16    hpa_generation_2                                                                         
  apply_directed_tlp             integral          1     'h0                                                                                      
  axi_region_prog                integral          1     'h0                                                                                      
  m_tlp_req_type                 string            29    CDN_HPA_PCIE_TRANS_POSTED_REQ                                                            
  m_tlp_type                     string            28    CDN_HPA_PCIE_TLP_TYPE_MWr_64                                                             
  m_tlp_trans_type               string            27    CDN_HPA_PCIE_TRANS_MEM_TYPE                                                              
  m_tlp_vdm_msg_subtype          string            33    CDN_HPA_PCIE_TLP_VDM_STD_VD_TYPE1                                                        
  m_type                         integral          8     'h60                                                                                     
  m_tlp_tc                       integral          3     'h1                                                                                      
  m_ohc_hdr                      string            89    '{ohc_ex_present:ohc_e2_present, ohc_c_present:'h0, ohc_b_present:'h1, ohc_a_present:'h1}
  m_ts                           string            23    CDN_HPA_PCIE_NO_TRAILER                                                                  
  m_tlp_attr                     integral          3     'h3                                                                                      
  m_tlp_length                   integral          10    'h2                                                                                      
  m_tlp_tag                      integral          14    'h0                                                                                      
  m_tlp_ep                       integral          1     'h0                                                                                      
  implcit_byte_enable_mem_tlps   integral          1     'h0                                                                                      
  m_tlp_last_dw_be               integral          4     'h8                                                                                      
  m_tlp_first_dw_be              integral          4     'h8                                                                                      
  m_tlp_requester_id             integral          16    'h3901                                                                                   
  m_tlp_addr                     integral          64    'hf000000000001000                                                                       
  m_tlp_at_type                  string            28    CDN_HPA_PCIE_AT_Untranslated                                                             
  m_tlp_uses_dedicated_credits   integral          1     'h1                                                                                      
  m_max_no_of_local_prefixes     integral          2     'h2                                                                                      
  m_local_prefix_possible        integral          1     'h1                                                                                      
  m_tlp_local_prefix[0]          integral          32    'h8ed9d6fa                                                                               
  m_tlp_local_prefix_data[0]     integral          24    'hd9d6fa                                                                                 
  m_hdr_type_local_prefix[0]     string            27    CDN_HPA_PCIE_VEND_PREFIX_L0                                                              
  m_tlp_local_prefix[1]          integral          32    'h8d800000                                                                               
  m_tlp_local_prefix_data[1]     integral          24    'h800000                                                                                 
  m_hdr_type_local_prefix[1]     string            35    CDN_HPA_PCIE_FLIT_MODE_LOCAL_PREFIX                                                      
  m_max_no_of_prefixes           integral          3     'h1                                                                                      
  m_tph_present                  integral          1     'h0                                                                                      
  m_ext_tph_prefix_present       integral          1     'h0                                                                                      
  m_pasid_prefix_present         integral          1     'h1                                                                                      
  m_ide_prefix_present           integral          1     'h0                                                                                      
  m_sel_stream_possible          integral          1     'h0                                                                                      
  m_ohc_a                        integral          32    'h40001588                                                                               
  m_pasid_value                  integral          20    'h15                                                                                     
  m_pasid_pri_value              integral          1     'h0                                                                                      
  m_pasid_exec_value             integral          1     'h0                                                                                      
  m_ohc_b                        integral          32    'h90                                                                                     
  m_hv                           integral          2     'h1                                                                                      
  m_ama_value                    integral          3     'h0                                                                                      
  m_ama_valid                    integral          1     'h0                                                                                      
  num_of_vnd_e2e_prefixes        integral          3     'h2                                                                                      
  num_of_valid_vnd_e2e_prefixes  integral          3     'h2                                                                                      
  m_ohc_e[0]                     integral          32    'h1f0771d8                                                                               
  m_ohc_e[1]                     integral          32    'h1fde1852                                                                               
  m_tlp_payload[0]               integral          8     'h65                                                                                     
  m_tlp_payload[1]               integral          8     'hc4                                                                                     
  m_tlp_payload[2]               integral          8     'hdd                                                                                     
  m_tlp_payload[3]               integral          8     'h52                                                                                     
  m_tlp_payload[4]               integral          8     'h73                                                                                     
  m_tlp_payload[5]               integral          8     'h92                                                                                     
  m_tlp_payload[6]               integral          8     'he3                                                                                     
  m_tlp_payload[7]               integral          8     'hf9                                                                                     
  second_dw_byte_6_field_6_rsvd  integral          1     'h0                                                                                      
  m_ohc_a1_byte_0_field_7_rsvd   integral          1     'h0                                                                                      
  m_ohc_b_byte_0_rsvd            integral          8     'h0                                                                                      
  pasid_byte_1_rsvd_field_5_4    integral          2     'h0                                                                                      
  pkt_num                        integral          32    'h0                                                                                      
  p_pkt_num                      integral          32    'h0                                                                                      
  pkt_rx_time                    time              64    0                                                                                        
  is_ib_pkt                      integral          1     'h0                                                                                      
  m_cpl_part                     integral          32    'h0                                                                                      
  m_expect_enderror              integral          1     'h0                                                                                      
  cxl_io_tlp                     integral          1     'h0                                                                                      
  cxl_io_rcrb_tlp                integral          1     'h0                                                                                      
  cxl_io_membar_tlp              integral          1     'h0                                                                                      
  m_data_3DW                     string            34    0x39010000__0xf0000000__0x00001000                                                       
--------------------------------------------------------------------------------------------------------------------------------------------------

UVM_INFO /lan/dsoft/pcie/ulasala/lbb_credit/verif/uvc_lib/cdn_pcie_hls_bridge/sv/sequences/cdn_pcie_hls_bridge_tlp2cxs_seq.sv(128) @ 140500: uvm_test_top.m_vseqr@@cdn_pcie_hpa_tlp2cxs_seq_h[0] [cdn_pcie_hls_bridge_tlp2cxs_seq] Sending TLP over CSX size:48
UVM_INFO /lan/dsoft/pcie/ulasala/lbb_credit/verif/uvc_lib/cdn_pcie_hls_bridge/sv/sequences/cdn_pcie_hls_bridge_tlp2cxs_seq.sv(189) @ 140500: uvm_test_top.m_vseqr@@cdn_pcie_hpa_tlp2cxs_seq_h[0] [uvm_test_top.m_vseqr.cdn_pcie_hpa_tlp2cxs_seq_h[0]] l_cxs_seq.m_pkt_err_en = 0
UVM_WARNING /lan/dsoft/pcie/ulasala/lbb_credit/verif/uvc_lib/cdn_pcie_hpa/sv/config/cdn_pcie_hpa_dev_top_config.sv(10855) @ 140500: uvm_test_top.m_remote_dev_top_config [uvm_test_top.m_remote_dev_top_config] DEBUG_POPULATE_META_DATA: pkt_type=MEM with Inbound address (b84baf5f4da36674) doesnot hit any PF/VF
UVM_INFO /lan/dsoft/pcie/ulasala/lbb_credit/verif/uvc_lib/cdn_pcie_hls_bridge/sv/sequences/cdn_pcie_hls_bridge_tlp2cxs_seq.sv(128) @ 140500: uvm_test_top.m_vseqr@@cdn_pcie_hpa_tlp2cxs_seq_h[0] [cdn_pcie_hls_bridge_tlp2cxs_seq] Sending TLP over CSX size:48
UVM_INFO /lan/dsoft/pcie/ulasala/lbb_credit/verif/uvc_lib/cdn_pcie_hls_bridge/sv/sequences/cdn_pcie_hls_bridge_tlp2cxs_seq.sv(189) @ 140500: uvm_test_top.m_vseqr@@cdn_pcie_hpa_tlp2cxs_seq_h[0] [uvm_test_top.m_vseqr.cdn_pcie_hpa_tlp2cxs_seq_h[0]] l_cxs_seq.m_pkt_err_en = 0
UVM_WARNING /lan/dsoft/pcie/ulasala/lbb_credit/verif/uvc_lib/cdn_pcie_hpa/sv/config/cdn_pcie_hpa_dev_top_config.sv(10855) @ 140500: uvm_test_top.m_remote_dev_top_config [uvm_test_top.m_remote_dev_top_config] DEBUG_POPULATE_META_DATA: pkt_type=MEM with Inbound address (b84baf5f4da36674) doesnot hit any PF/VF
UVM_INFO /lan/dsoft/pcie/ulasala/lbb_credit/verif/uvc_lib/cdn_pcie_hls_bridge/sv/sequences/cdn_pcie_hls_bridge_tlp2cxs_seq.sv(387) @ 140500: uvm_test_top.m_vseqr@@cdn_pcie_hpa_tlp2cxs_seq_h[0] [cdn_pcie_hls_bridge_tlp2cxs_seq] DEBUG_META_DATA: routing info: p_tlp = -----------------------------------------------------------------------------------------------------------------------------------------------------
Name                             Type              Size  Value                                                                                       
-----------------------------------------------------------------------------------------------------------------------------------------------------
pcie_tlp                         cdn_hpa_pcie_tlp  -     @4143492                                                                                    
  begin_time                     time              64    140500                                                                                      
  end_time                       time              64    140500                                                                                      
  depth                          int               32    'd2                                                                                         
  parent sequence (name)         string            29    cdn_pcie_hpa_tlp2cxs_seq_h[0]                                                               
  parent sequence (full name)    string            50    uvm_test_top.m_vseqr.cdn_pcie_hpa_tlp2cxs_seq_h[0]                                          
  sequencer                      string            64    uvm_test_top.sve.m_hls_ib_trans_env.cif_router.m_ob_p_tlp_sqr[0]                            
  is_ide_tlp                     integral          1     'h0                                                                                         
  is_flit_mode                   integral          1     'h1                                                                                         
  pcie_6_1_support               integral          1     'h1                                                                                         
  cxl_mode                       integral          1     'h1                                                                                         
  cxl_sbsa_test                  integral          1     'h0                                                                                         
  is_cxl_pbr_mode                integral          1     'h0                                                                                         
  hpa_generation                 string            16    hpa_generation_2                                                                            
  apply_directed_tlp             integral          1     'h0                                                                                         
  axi_region_prog                integral          1     'h0                                                                                         
  m_tlp_req_type                 string            29    CDN_HPA_PCIE_TRANS_POSTED_REQ                                                               
  m_tlp_type                     string            28    CDN_HPA_PCIE_TLP_TYPE_MWr_64                                                                
  m_tlp_trans_type               string            27    CDN_HPA_PCIE_TRANS_MEM_TYPE                                                                 
  m_tlp_vdm_msg_subtype          string            23    CDN_HPA_PCIE_TLP_VDM_LN                                                                     
  m_type                         integral          8     'h60                                                                                        
  m_tlp_tc                       integral          3     'h0                                                                                         
  m_ohc_hdr                      string            92    '{ohc_ex_present:no_ohc_ex_present, ohc_c_present:'h0, ohc_b_present:'h1, ohc_a_present:'h1}
  m_ts                           string            23    CDN_HPA_PCIE_NO_TRAILER                                                                     
  m_tlp_attr                     integral          3     'h0                                                                                         
  m_tlp_length                   integral          10    'hf                                                                                         
  m_tlp_tag                      integral          14    'h0                                                                                         
  m_tlp_ep                       integral          1     'h0                                                                                         
  implcit_byte_enable_mem_tlps   integral          1     'h0                                                                                         
  m_tlp_last_dw_be               integral          4     'h7                                                                                         
  m_tlp_first_dw_be              integral          4     'h8                                                                                         
  m_tlp_requester_id             integral          16    'h3900                                                                                      
  m_tlp_addr                     integral          64    'hb84baf5f4da36674                                                                          
  m_tlp_at_type                  string            28    CDN_HPA_PCIE_AT_Untranslated                                                                
  m_tlp_uses_dedicated_credits   integral          1     'h0                                                                                         
  m_max_no_of_local_prefixes     integral          2     'h1                                                                                         
  m_local_prefix_possible        integral          1     'h1                                                                                         
  m_tlp_local_prefix[0]          integral          32    'h8e8eae78                                                                                  
  m_tlp_local_prefix_data[0]     integral          24    'h8eae78                                                                                    
  m_hdr_type_local_prefix[0]     string            27    CDN_HPA_PCIE_VEND_PREFIX_L0                                                                 
  m_max_no_of_prefixes           integral          3     'h0                                                                                         
  m_ohc_a                        integral          32    'h78                                                                                        
  m_ohc_b                        integral          32    'h10                                                                                        
  m_hv                           integral          2     'h1                                                                                         
  m_ama_value                    integral          3     'h0                                                                                         
  m_ama_valid                    integral          1     'h0                                                                                         
  m_tlp_payload[0]               integral          8     'hd0                                                                                        
  m_tlp_payload[1]               integral          8     'h5d                                                                                        
  m_tlp_payload[2]               integral          8     'h71                                                                                        
  m_tlp_payload[3]               integral          8     'hb7                                                                                        
  m_tlp_payload[4]               integral          8     'hd7                                                                                        
  m_tlp_payload[5]               integral          8     'heb                                                                                        
  m_tlp_payload[6]               integral          8     'hc3                                                                                        
  m_tlp_payload[7]               integral          8     'h39                                                                                        
  m_tlp_payload[52]              integral          8     'h0                                                                                         
  m_tlp_payload[53]              integral          8     'hc8                                                                                        
  m_tlp_payload[54]              integral          8     'h77                                                                                        
  m_tlp_payload[55]              integral          8     'h1                                                                                         
  m_tlp_payload[56]              integral          8     'he6                                                                                        
  m_tlp_payload[57]              integral          8     'h67                                                                                        
  m_tlp_payload[58]              integral          8     'h4c                                                                                        
  m_tlp_payload[59]              integral          8     'hc6                                                                                        
  second_dw_byte_6_field_6_rsvd  integral          1     'h0                                                                                         
  m_ohc_a1_byte_0_field_7_rsvd   integral          1     'h0                                                                                         
  m_ohc_b_byte_0_rsvd            integral          8     'h0                                                                                         
  pkt_num                        integral          32    'h0                                                                                         
  p_pkt_num                      integral          32    'h0                                                                                         
  pkt_rx_time                    time              64    0                                                                                           
  is_ib_pkt                      integral          1     'h0                                                                                         
  m_cpl_part                     integral          32    'h0                                                                                         
  m_expect_enderror              integral          1     'h0                                                                                         
  cxl_io_tlp                     integral          1     'h0                                                                                         
  cxl_io_rcrb_tlp                integral          1     'h0                                                                                         
  cxl_io_membar_tlp              integral          1     'h0                                                                                         
  m_data_3DW                     string            34    0x6003000f__0x39000000__0xb84baf5f                                                          
-----------------------------------------------------------------------------------------------------------------------------------------------------

UVM_INFO /lan/dsoft/pcie/ulasala/lbb_credit/verif/uvc_lib/cdn_pcie_hls_bridge/sv/sequences/cdn_pcie_hls_bridge_tlp2cxs_seq.sv(388) @ 140500: uvm_test_top.m_vseqr@@cdn_pcie_hpa_tlp2cxs_seq_h[0] [cdn_pcie_hls_bridge_tlp2cxs_seq] DEBUG_META_DATA: meta_s.hls_bridge_pkt_route_info = 0
UVM_INFO /lan/dsoft/pcie/ulasala/lbb_credit/verif/uvc_lib/cdn_pcie_hls_bridge/sv/sequences/cdn_pcie_hls_bridge_tlp2cxs_seq.sv(389) @ 140500: uvm_test_top.m_vseqr@@cdn_pcie_hpa_tlp2cxs_seq_h[0] [cdn_pcie_hls_bridge_tlp2cxs_seq] DEBUG_META_DATA: meta_s.hls_bridge_port_info = 1
UVM_INFO /lan/dsoft/pcie/ulasala/lbb_credit/verif/uvc_lib/cdn_pcie_hls_bridge/sv/sequences/cdn_pcie_hls_bridge_tlp2cxs_seq.sv(394) @ 140500: uvm_test_top.m_vseqr@@cdn_pcie_hpa_tlp2cxs_seq_h[0] [cdn_pcie_hls_bridge_tlp2cxs_seq] DEBUG_META_DATA: metadata = '{rsvd_107:'h0, nse:'h0, mecid:'h6658, mpam:'h7f8, prot:'h7, lrattr:'h8, lti_port_num:'h1, lrctag:'h0, rsvd_56:'h0, hls_bridge_port_info:'h1, hls_bridge_pkt_route_info:'h0, idgroup:'h1, ro:'h0, ido:'h0, vc:'h0, tc:'h0, order_check_reqd:'h0, cxl_io:'h0, bar_aperture:'h3f, bypass_axi_atu:'h0, bar:'h7, bar_prefetchable:'h0, generated_tlp:'h1, rsvd_25:'h0, vf_or_pf:'h0, vf:'h3, pf:'h3} for m_tlp_req_type = CDN_HPA_PCIE_TRANS_POSTED_REQ m_tlp_type = CDN_HPA_PCIE_TLP_TYPE_MWr_64 m_tlp_tag = 0x0
UVM_INFO /lan/dsoft/pcie/ulasala/lbb_credit/verif/uvc_lib/cdn_pcie_tlp/cdn_hpa_pcie_tlp.sv(9401) @ 140500: uvm_test_top.sve.m_hls_ib_trans_env.cif_router.m_ob_p_tlp_sqr[0]@@cdn_pcie_hpa_tlp2cxs_seq_h[0].pcie_tlp [uvm_test_top.m_vseqr.cdn_pcie_hpa_tlp2cxs_seq_h[0].pcie_tlp] m_tlp_local_prefix=8e8eae78
UVM_INFO /lan/dsoft/pcie/ulasala/lbb_credit/verif/uvc_lib/cdn_pcie_hls_bridge/sv/sequences/cdn_pcie_hls_bridge_tlp2cxs_seq.sv(255) @ 140500: uvm_test_top.m_vseqr@@cdn_pcie_hpa_tlp2cxs_seq_h[0] [cdn_pcie_hls_bridge_tlp2cxs_seq] CXS packet:-----------------------------------------------------------------------------------------------------------------------------------------------------
Name                             Type              Size  Value                                                                                       
-----------------------------------------------------------------------------------------------------------------------------------------------------
pcie_tlp                         cdn_hpa_pcie_tlp  -     @4143492                                                                                    
  begin_time                     time              64    140500                                                                                      
  end_time                       time              64    140500                                                                                      
  depth                          int               32    'd2                                                                                         
  parent sequence (name)         string            29    cdn_pcie_hpa_tlp2cxs_seq_h[0]                                                               
  parent sequence (full name)    string            50    uvm_test_top.m_vseqr.cdn_pcie_hpa_tlp2cxs_seq_h[0]                                          
  sequencer                      string            64    uvm_test_top.sve.m_hls_ib_trans_env.cif_router.m_ob_p_tlp_sqr[0]                            
  is_ide_tlp                     integral          1     'h0                                                                                         
  is_flit_mode                   integral          1     'h1                                                                                         
  pcie_6_1_support               integral          1     'h1                                                                                         
  cxl_mode                       integral          1     'h1                                                                                         
  cxl_sbsa_test                  integral          1     'h0                                                                                         
  is_cxl_pbr_mode                integral          1     'h0                                                                                         
  hpa_generation                 string            16    hpa_generation_2                                                                            
  apply_directed_tlp             integral          1     'h0                                                                                         
  axi_region_prog                integral          1     'h0                                                                                         
  m_tlp_req_type                 string            29    CDN_HPA_PCIE_TRANS_POSTED_REQ                                                               
  m_tlp_type                     string            28    CDN_HPA_PCIE_TLP_TYPE_MWr_64                                                                
  m_tlp_trans_type               string            27    CDN_HPA_PCIE_TRANS_MEM_TYPE                                                                 
  m_tlp_vdm_msg_subtype          string            23    CDN_HPA_PCIE_TLP_VDM_LN                                                                     
  m_type                         integral          8     'h60                                                                                        
  m_tlp_tc                       integral          3     'h0                                                                                         
  m_ohc_hdr                      string            92    '{ohc_ex_present:no_ohc_ex_present, ohc_c_present:'h0, ohc_b_present:'h1, ohc_a_present:'h1}
  m_ts                           string            23    CDN_HPA_PCIE_NO_TRAILER                                                                     
  m_tlp_attr                     integral          3     'h0                                                                                         
  m_tlp_length                   integral          10    'hf                                                                                         
  m_tlp_tag                      integral          14    'h0                                                                                         
  m_tlp_ep                       integral          1     'h0                                                                                         
  implcit_byte_enable_mem_tlps   integral          1     'h0                                                                                         
  m_tlp_last_dw_be               integral          4     'h7                                                                                         
  m_tlp_first_dw_be              integral          4     'h8                                                                                         
  m_tlp_requester_id             integral          16    'h3900                                                                                      
  m_tlp_addr                     integral          64    'hb84baf5f4da36674                                                                          
  m_tlp_at_type                  string            28    CDN_HPA_PCIE_AT_Untranslated                                                                
  m_tlp_uses_dedicated_credits   integral          1     'h0                                                                                         
  m_max_no_of_local_prefixes     integral          2     'h1                                                                                         
  m_local_prefix_possible        integral          1     'h1                                                                                         
  m_tlp_local_prefix[0]          integral          32    'h8e8eae78                                                                                  
  m_tlp_local_prefix_data[0]     integral          24    'h8eae78                                                                                    
  m_hdr_type_local_prefix[0]     string            27    CDN_HPA_PCIE_VEND_PREFIX_L0                                                                 
  m_max_no_of_prefixes           integral          3     'h0                                                                                         
  m_ohc_a                        integral          32    'h78                                                                                        
  m_ohc_b                        integral          32    'h10                                                                                        
  m_hv                           integral          2     'h1                                                                                         
  m_ama_value                    integral          3     'h0                                                                                         
  m_ama_valid                    integral          1     'h0                                                                                         
  m_tlp_payload[0]               integral          8     'hd0                                                                                        
  m_tlp_payload[1]               integral          8     'h5d                                                                                        
  m_tlp_payload[2]               integral          8     'h71                                                                                        
  m_tlp_payload[3]               integral          8     'hb7                                                                                        
  m_tlp_payload[4]               integral          8     'hd7                                                                                        
  m_tlp_payload[5]               integral          8     'heb                                                                                        
  m_tlp_payload[6]               integral          8     'hc3                                                                                        
  m_tlp_payload[7]               integral          8     'h39                                                                                        
  m_tlp_payload[52]              integral          8     'h0                                                                                         
  m_tlp_payload[53]              integral          8     'hc8                                                                                        
  m_tlp_payload[54]              integral          8     'h77                                                                                        
  m_tlp_payload[55]              integral          8     'h1                                                                                         
  m_tlp_payload[56]              integral          8     'he6                                                                                        
  m_tlp_payload[57]              integral          8     'h67                                                                                        
  m_tlp_payload[58]              integral          8     'h4c                                                                                        
  m_tlp_payload[59]              integral          8     'hc6                                                                                        
  second_dw_byte_6_field_6_rsvd  integral          1     'h0                                                                                         
  m_ohc_a1_byte_0_field_7_rsvd   integral          1     'h0                                                                                         
  m_ohc_b_byte_0_rsvd            integral          8     'h0                                                                                         
  pkt_num                        integral          32    'h0                                                                                         
  p_pkt_num                      integral          32    'h0                                                                                         
  pkt_rx_time                    time              64    0                                                                                           
  is_ib_pkt                      integral          1     'h0                                                                                         
  m_cpl_part                     integral          32    'h0                                                                                         
  m_expect_enderror              integral          1     'h0                                                                                         
  cxl_io_tlp                     integral          1     'h0                                                                                         
  cxl_io_rcrb_tlp                integral          1     'h0                                                                                         
  cxl_io_membar_tlp              integral          1     'h0                                                                                         
  m_data_3DW                     string            34    0x6003000f__0x39000000__0xb84baf5f                                                          
-----------------------------------------------------------------------------------------------------------------------------------------------------

UVM_INFO /lan/dsoft/pcie/ulasala/lbb_credit/verif/uvc_lib/cdn_pcie_hls_bridge/sv/sequences/cdn_pcie_hls_bridge_tlp2cxs_seq.sv(256) @ 140500: uvm_test_top.m_vseqr@@cdn_pcie_hpa_tlp2cxs_seq_h[0] [cdn_pcie_hls_bridge_tlp2cxs_seq] CXS packet size:88
UVM_INFO /lan/dsoft/pcie/ulasala/lbb_credit/verif/uvc_lib/cdn_pcie_hls_bridge/sv/sequences/cdn_pcie_hls_bridge_tlp2cxs_seq.sv(261) @ 140500: uvm_test_top.m_vseqr@@cdn_pcie_hpa_tlp2cxs_seq_h[0] [uvm_test_top.m_vseqr.cdn_pcie_hpa_tlp2cxs_seq_h[0]] l_cxs_seq.m_pkt_user_data = '{'h3, 'h3, 'h0, 'h74, 'h3f, 'h0, 'h21, 'h0, 'h84, 'hc7, 'h3f, 'h60, 'h99, 'h1}, user_ctrl = '{'h3, 'h3, 'h0, 'h74, 'h3f, 'h0, 'h21, 'h0, 'h84, 'hc7, 'h3f, 'h60, 'h99, 'h1}
UVM_INFO /lan/dsoft/pcie/ulasala/lbb_credit/verif/uvc_lib/cdn_pcie_hls_bridge/sv/sequences/cdn_pcie_hls_bridge_tlp2cxs_seq.sv(189) @ 140500: uvm_test_top.m_vseqr@@cdn_pcie_hpa_tlp2cxs_seq_h[0] [uvm_test_top.m_vseqr.cdn_pcie_hpa_tlp2cxs_seq_h[0]] l_cxs_seq.m_pkt_err_en = 0
UVM_WARNING /lan/dsoft/pcie/ulasala/lbb_credit/verif/uvc_lib/cdn_pcie_hpa/sv/config/cdn_pcie_hpa_dev_top_config.sv(10855) @ 140500: uvm_test_top.m_remote_dev_top_config [uvm_test_top.m_remote_dev_top_config] DEBUG_POPULATE_META_DATA: pkt_type=MEM with Inbound address (f000000000001000) doesnot hit any PF/VF
UVM_INFO /lan/dsoft/pcie/ulasala/lbb_credit/verif/uvc_lib/cdn_pcie_hpa/sv/config/cdn_pcie_hpa_dev_top_config.sv(10604) @ 140500: uvm_test_top.m_remote_dev_top_config [cdn_pcie_hpa_dev_top_config] TC = [1] Mapped to VC = [6]
UVM_INFO /lan/dsoft/pcie/ulasala/lbb_credit/verif/uvc_lib/cdn_pcie_hls_bridge/sv/sequences/cdn_pcie_hls_bridge_tlp2cxs_seq.sv(387) @ 140500: uvm_test_top.m_vseqr@@cdn_pcie_hpa_tlp2cxs_seq_h[0] [cdn_pcie_hls_bridge_tlp2cxs_seq] DEBUG_META_DATA: routing info: p_tlp = --------------------------------------------------------------------------------------------------------------------------------------------------
Name                             Type              Size  Value                                                                                    
--------------------------------------------------------------------------------------------------------------------------------------------------
pcie_tlp                         cdn_hpa_pcie_tlp  -     @4108323                                                                                 
  begin_time                     time              64    140500                                                                                   
  depth                          int               32    'd2                                                                                      
  parent sequence (name)         string            29    cdn_pcie_hpa_tlp2cxs_seq_h[0]                                                            
  parent sequence (full name)    string            50    uvm_test_top.m_vseqr.cdn_pcie_hpa_tlp2cxs_seq_h[0]                                       
  sequencer                      string            64    uvm_test_top.sve.m_hls_ib_trans_env.cif_router.m_ob_p_tlp_sqr[0]                         
  is_ide_tlp                     integral          1     'h0                                                                                      
  is_flit_mode                   integral          1     'h1                                                                                      
  pcie_6_1_support               integral          1     'h1                                                                                      
  cxl_mode                       integral          1     'h1                                                                                      
  cxl_sbsa_test                  integral          1     'h0                                                                                      
  is_cxl_pbr_mode                integral          1     'h0                                                                                      
  hpa_generation                 string            16    hpa_generation_2                                                                         
  apply_directed_tlp             integral          1     'h0                                                                                      
  axi_region_prog                integral          1     'h0                                                                                      
  m_tlp_req_type                 string            29    CDN_HPA_PCIE_TRANS_POSTED_REQ                                                            
  m_tlp_type                     string            28    CDN_HPA_PCIE_TLP_TYPE_MWr_64                                                             
  m_tlp_trans_type               string            27    CDN_HPA_PCIE_TRANS_MEM_TYPE                                                              
  m_tlp_vdm_msg_subtype          string            33    CDN_HPA_PCIE_TLP_VDM_STD_VD_TYPE1                                                        
  m_type                         integral          8     'h60                                                                                     
  m_tlp_tc                       integral          3     'h1                                                                                      
  m_ohc_hdr                      string            89    '{ohc_ex_present:ohc_e2_present, ohc_c_present:'h0, ohc_b_present:'h1, ohc_a_present:'h1}
  m_ts                           string            23    CDN_HPA_PCIE_NO_TRAILER                                                                  
  m_tlp_attr                     integral          3     'h3                                                                                      
  m_tlp_length                   integral          10    'h2                                                                                      
  m_tlp_tag                      integral          14    'h0                                                                                      
  m_tlp_ep                       integral          1     'h0                                                                                      
  implcit_byte_enable_mem_tlps   integral          1     'h0                                                                                      
  m_tlp_last_dw_be               integral          4     'h8                                                                                      
  m_tlp_first_dw_be              integral          4     'h8                                                                                      
  m_tlp_requester_id             integral          16    'h3901                                                                                   
  m_tlp_addr                     integral          64    'hf000000000001000                                                                       
  m_tlp_at_type                  string            28    CDN_HPA_PCIE_AT_Untranslated                                                             
  m_tlp_uses_dedicated_credits   integral          1     'h1                                                                                      
  m_max_no_of_local_prefixes     integral          2     'h2                                                                                      
  m_local_prefix_possible        integral          1     'h1                                                                                      
  m_tlp_local_prefix[0]          integral          32    'h8ed9d6fa                                                                               
  m_tlp_local_prefix_data[0]     integral          24    'hd9d6fa                                                                                 
  m_hdr_type_local_prefix[0]     string            27    CDN_HPA_PCIE_VEND_PREFIX_L0                                                              
  m_tlp_local_prefix[1]          integral          32    'h8d800000                                                                               
  m_tlp_local_prefix_data[1]     integral          24    'h800000                                                                                 
  m_hdr_type_local_prefix[1]     string            35    CDN_HPA_PCIE_FLIT_MODE_LOCAL_PREFIX                                                      
  m_max_no_of_prefixes           integral          3     'h1                                                                                      
  m_tph_present                  integral          1     'h0                                                                                      
  m_ext_tph_prefix_present       integral          1     'h0                                                                                      
  m_pasid_prefix_present         integral          1     'h1                                                                                      
  m_ide_prefix_present           integral          1     'h0                                                                                      
  m_sel_stream_possible          integral          1     'h0                                                                                      
  m_ohc_a                        integral          32    'h40001588                                                                               
  m_pasid_value                  integral          20    'h15                                                                                     
  m_pasid_pri_value              integral          1     'h0                                                                                      
  m_pasid_exec_value             integral          1     'h0                                                                                      
  m_ohc_b                        integral          32    'h90                                                                                     
  m_hv                           integral          2     'h1                                                                                      
  m_ama_value                    integral          3     'h0                                                                                      
  m_ama_valid                    integral          1     'h0                                                                                      
  num_of_vnd_e2e_prefixes        integral          3     'h2                                                                                      
  num_of_valid_vnd_e2e_prefixes  integral          3     'h2                                                                                      
  m_ohc_e[0]                     integral          32    'h1f0771d8                                                                               
  m_ohc_e[1]                     integral          32    'h1fde1852                                                                               
  m_tlp_payload[0]               integral          8     'h65                                                                                     
  m_tlp_payload[1]               integral          8     'hc4                                                                                     
  m_tlp_payload[2]               integral          8     'hdd                                                                                     
  m_tlp_payload[3]               integral          8     'h52                                                                                     
  m_tlp_payload[4]               integral          8     'h73                                                                                     
  m_tlp_payload[5]               integral          8     'h92                                                                                     
  m_tlp_payload[6]               integral          8     'he3                                                                                     
  m_tlp_payload[7]               integral          8     'hf9                                                                                     
  second_dw_byte_6_field_6_rsvd  integral          1     'h0                                                                                      
  m_ohc_a1_byte_0_field_7_rsvd   integral          1     'h0                                                                                      
  m_ohc_b_byte_0_rsvd            integral          8     'h0                                                                                      
  pasid_byte_1_rsvd_field_5_4    integral          2     'h0                                                                                      
  pkt_num                        integral          32    'h0                                                                                      
  p_pkt_num                      integral          32    'h0                                                                                      
  pkt_rx_time                    time              64    0                                                                                        
  is_ib_pkt                      integral          1     'h0                                                                                      
  m_cpl_part                     integral          32    'h0                                                                                      
  m_expect_enderror              integral          1     'h0                                                                                      
  cxl_io_tlp                     integral          1     'h0                                                                                      
  cxl_io_rcrb_tlp                integral          1     'h0                                                                                      
  cxl_io_membar_tlp              integral          1     'h0                                                                                      
  m_data_3DW                     string            34    0x39010000__0xf0000000__0x00001000                                                       
--------------------------------------------------------------------------------------------------------------------------------------------------

UVM_INFO /lan/dsoft/pcie/ulasala/lbb_credit/verif/uvc_lib/cdn_pcie_hls_bridge/sv/sequences/cdn_pcie_hls_bridge_tlp2cxs_seq.sv(388) @ 140500: uvm_test_top.m_vseqr@@cdn_pcie_hpa_tlp2cxs_seq_h[0] [cdn_pcie_hls_bridge_tlp2cxs_seq] DEBUG_META_DATA: meta_s.hls_bridge_pkt_route_info = 10
UVM_INFO /lan/dsoft/pcie/ulasala/lbb_credit/verif/uvc_lib/cdn_pcie_hls_bridge/sv/sequences/cdn_pcie_hls_bridge_tlp2cxs_seq.sv(389) @ 140500: uvm_test_top.m_vseqr@@cdn_pcie_hpa_tlp2cxs_seq_h[0] [cdn_pcie_hls_bridge_tlp2cxs_seq] DEBUG_META_DATA: meta_s.hls_bridge_port_info = 1
UVM_INFO /lan/dsoft/pcie/ulasala/lbb_credit/verif/uvc_lib/cdn_pcie_hls_bridge/sv/sequences/cdn_pcie_hls_bridge_tlp2cxs_seq.sv(394) @ 140500: uvm_test_top.m_vseqr@@cdn_pcie_hpa_tlp2cxs_seq_h[0] [cdn_pcie_hls_bridge_tlp2cxs_seq] DEBUG_META_DATA: metadata = '{rsvd_107:'h0, nse:'h1, mecid:'hfd04, mpam:'h24eb, prot:'h2, lrattr:'h4, lti_port_num:'h0, lrctag:'h1, rsvd_56:'h0, hls_bridge_port_info:'h1, hls_bridge_pkt_route_info:'h2, idgroup:'h3, ro:'h1, ido:'h0, vc:'h6, tc:'h1, order_check_reqd:'h1, cxl_io:'h1, bar_aperture:'h3f, bypass_axi_atu:'h0, bar:'h7, bar_prefetchable:'h0, generated_tlp:'h0, rsvd_25:'h0, vf_or_pf:'h1, vf:'h1, pf:'h0} for m_tlp_req_type = CDN_HPA_PCIE_TRANS_POSTED_REQ m_tlp_type = CDN_HPA_PCIE_TLP_TYPE_MWr_64 m_tlp_tag = 0x0
UVM_INFO /lan/dsoft/pcie/ulasala/lbb_credit/verif/uvc_lib/cdn_pcie_tlp/cdn_hpa_pcie_tlp.sv(9401) @ 140500: uvm_test_top.sve.m_hls_ib_trans_env.cif_router.m_ob_p_tlp_sqr[0]@@cdn_pcie_hpa_tlp2cxs_seq_h[0].pcie_tlp [uvm_test_top.m_vseqr.cdn_pcie_hpa_tlp2cxs_seq_h[0].pcie_tlp] m_tlp_local_prefix=8ed9d6fa
UVM_INFO /lan/dsoft/pcie/ulasala/lbb_credit/verif/uvc_lib/cdn_pcie_tlp/cdn_hpa_pcie_tlp.sv(9401) @ 140500: uvm_test_top.sve.m_hls_ib_trans_env.cif_router.m_ob_p_tlp_sqr[0]@@cdn_pcie_hpa_tlp2cxs_seq_h[0].pcie_tlp [uvm_test_top.m_vseqr.cdn_pcie_hpa_tlp2cxs_seq_h[0].pcie_tlp] m_tlp_local_prefix=8d800000
UVM_INFO /lan/dsoft/pcie/ulasala/lbb_credit/verif/uvc_lib/cdn_pcie_hls_bridge/sv/sequences/cdn_pcie_hls_bridge_tlp2cxs_seq.sv(255) @ 140500: uvm_test_top.m_vseqr@@cdn_pcie_hpa_tlp2cxs_seq_h[0] [cdn_pcie_hls_bridge_tlp2cxs_seq] CXS packet:--------------------------------------------------------------------------------------------------------------------------------------------------
Name                             Type              Size  Value                                                                                    
--------------------------------------------------------------------------------------------------------------------------------------------------
pcie_tlp                         cdn_hpa_pcie_tlp  -     @4108323                                                                                 
  begin_time                     time              64    140500                                                                                   
  depth                          int               32    'd2                                                                                      
  parent sequence (name)         string            29    cdn_pcie_hpa_tlp2cxs_seq_h[0]                                                            
  parent sequence (full name)    string            50    uvm_test_top.m_vseqr.cdn_pcie_hpa_tlp2cxs_seq_h[0]                                       
  sequencer                      string            64    uvm_test_top.sve.m_hls_ib_trans_env.cif_router.m_ob_p_tlp_sqr[0]                         
  is_ide_tlp                     integral          1     'h0                                                                                      
  is_flit_mode                   integral          1     'h1                                                                                      
  pcie_6_1_support               integral          1     'h1                                                                                      
  cxl_mode                       integral          1     'h1                                                                                      
  cxl_sbsa_test                  integral          1     'h0                                                                                      
  is_cxl_pbr_mode                integral          1     'h0                                                                                      
  hpa_generation                 string            16    hpa_generation_2                                                                         
  apply_directed_tlp             integral          1     'h0                                                                                      
  axi_region_prog                integral          1     'h0                                                                                      
  m_tlp_req_type                 string            29    CDN_HPA_PCIE_TRANS_POSTED_REQ                                                            
  m_tlp_type                     string            28    CDN_HPA_PCIE_TLP_TYPE_MWr_64                                                             
  m_tlp_trans_type               string            27    CDN_HPA_PCIE_TRANS_MEM_TYPE                                                              
  m_tlp_vdm_msg_subtype          string            33    CDN_HPA_PCIE_TLP_VDM_STD_VD_TYPE1                                                        
  m_type                         integral          8     'h60                                                                                     
  m_tlp_tc                       integral          3     'h1                                                                                      
  m_ohc_hdr                      string            89    '{ohc_ex_present:ohc_e2_present, ohc_c_present:'h0, ohc_b_present:'h1, ohc_a_present:'h1}
  m_ts                           string            23    CDN_HPA_PCIE_NO_TRAILER                                                                  
  m_tlp_attr                     integral          3     'h3                                                                                      
  m_tlp_length                   integral          10    'h2                                                                                      
  m_tlp_tag                      integral          14    'h0                                                                                      
  m_tlp_ep                       integral          1     'h0                                                                                      
  implcit_byte_enable_mem_tlps   integral          1     'h0                                                                                      
  m_tlp_last_dw_be               integral          4     'h8                                                                                      
  m_tlp_first_dw_be              integral          4     'h8                                                                                      
  m_tlp_requester_id             integral          16    'h3901                                                                                   
  m_tlp_addr                     integral          64    'hf000000000001000                                                                       
  m_tlp_at_type                  string            28    CDN_HPA_PCIE_AT_Untranslated                                                             
  m_tlp_uses_dedicated_credits   integral          1     'h1                                                                                      
  m_max_no_of_local_prefixes     integral          2     'h2                                                                                      
  m_local_prefix_possible        integral          1     'h1                                                                                      
  m_tlp_local_prefix[0]          integral          32    'h8ed9d6fa                                                                               
  m_tlp_local_prefix_data[0]     integral          24    'hd9d6fa                                                                                 
  m_hdr_type_local_prefix[0]     string            27    CDN_HPA_PCIE_VEND_PREFIX_L0                                                              
  m_tlp_local_prefix[1]          integral          32    'h8d800000                                                                               
  m_tlp_local_prefix_data[1]     integral          24    'h800000                                                                                 
  m_hdr_type_local_prefix[1]     string            35    CDN_HPA_PCIE_FLIT_MODE_LOCAL_PREFIX                                                      
  m_max_no_of_prefixes           integral          3     'h1                                                                                      
  m_tph_present                  integral          1     'h0                                                                                      
  m_ext_tph_prefix_present       integral          1     'h0                                                                                      
  m_pasid_prefix_present         integral          1     'h1                                                                                      
  m_ide_prefix_present           integral          1     'h0                                                                                      
  m_sel_stream_possible          integral          1     'h0                                                                                      
  m_ohc_a                        integral          32    'h40001588                                                                               
  m_pasid_value                  integral          20    'h15                                                                                     
  m_pasid_pri_value              integral          1     'h0                                                                                      
  m_pasid_exec_value             integral          1     'h0                                                                                      
  m_ohc_b                        integral          32    'h90                                                                                     
  m_hv                           integral          2     'h1                                                                                      
  m_ama_value                    integral          3     'h0                                                                                      
  m_ama_valid                    integral          1     'h0                                                                                      
  num_of_vnd_e2e_prefixes        integral          3     'h2                                                                                      
  num_of_valid_vnd_e2e_prefixes  integral          3     'h2                                                                                      
  m_ohc_e[0]                     integral          32    'h1f0771d8                                                                               
  m_ohc_e[1]                     integral          32    'h1fde1852                                                                               
  m_tlp_payload[0]               integral          8     'h65                                                                                     
  m_tlp_payload[1]               integral          8     'hc4                                                                                     
  m_tlp_payload[2]               integral          8     'hdd                                                                                     
  m_tlp_payload[3]               integral          8     'h52                                                                                     
  m_tlp_payload[4]               integral          8     'h73                                                                                     
  m_tlp_payload[5]               integral          8     'h92                                                                                     
  m_tlp_payload[6]               integral          8     'he3                                                                                     
  m_tlp_payload[7]               integral          8     'hf9                                                                                     
  second_dw_byte_6_field_6_rsvd  integral          1     'h0                                                                                      
  m_ohc_a1_byte_0_field_7_rsvd   integral          1     'h0                                                                                      
  m_ohc_b_byte_0_rsvd            integral          8     'h0                                                                                      
  pasid_byte_1_rsvd_field_5_4    integral          2     'h0                                                                                      
  pkt_num                        integral          32    'h0                                                                                      
  p_pkt_num                      integral          32    'h0                                                                                      
  pkt_rx_time                    time              64    0                                                                                        
  is_ib_pkt                      integral          1     'h0                                                                                      
  m_cpl_part                     integral          32    'h0                                                                                      
  m_expect_enderror              integral          1     'h0                                                                                      
  cxl_io_tlp                     integral          1     'h0                                                                                      
  cxl_io_rcrb_tlp                integral          1     'h0                                                                                      
  cxl_io_membar_tlp              integral          1     'h0                                                                                      
  m_data_3DW                     string            34    0x39010000__0xf0000000__0x00001000                                                       
--------------------------------------------------------------------------------------------------------------------------------------------------

UVM_INFO /lan/dsoft/pcie/ulasala/lbb_credit/verif/uvc_lib/cdn_pcie_hls_bridge/sv/sequences/cdn_pcie_hls_bridge_tlp2cxs_seq.sv(256) @ 140500: uvm_test_top.m_vseqr@@cdn_pcie_hpa_tlp2cxs_seq_h[0] [cdn_pcie_hls_bridge_tlp2cxs_seq] CXS packet size:48
UVM_INFO /lan/dsoft/pcie/ulasala/lbb_credit/verif/uvc_lib/cdn_pcie_hls_bridge/sv/sequences/cdn_pcie_hls_bridge_tlp2cxs_seq.sv(261) @ 140500: uvm_test_top.m_vseqr@@cdn_pcie_hpa_tlp2cxs_seq_h[0] [uvm_test_top.m_vseqr.cdn_pcie_hpa_tlp2cxs_seq_h[0]] l_cxs_seq.m_pkt_user_data = '{'h3, 'h3, 'h0, 'h74, 'h3f, 'h0, 'h21, 'h0, 'h84, 'hc7, 'h3f, 'h60, 'h99, 'h1, 'h0, 'h1, 'h0, 'h71, 'hff, 'hb1, 'h33, 'h0, 'h42, 'h5a, 'h27, 'h11, 'hf4, 'h7}, user_ctrl = '{'h0, 'h1, 'h0, 'h71, 'hff, 'hb1, 'h33, 'h0, 'h42, 'h5a, 'h27, 'h11, 'hf4, 'h7}
UVM_INFO /lan/dsoft/pcie/ulasala/lbb_credit/verif/uvc_lib/cdn_pcie_hpa/sv/common/cdn_pcie_hpa_common/cdn_pcie_hpa_cif_tlp_router.sv(1453) @ 140500: uvm_test_top.sve.m_hls_ib_trans_env.cif_router [uvm_test_top.sve.m_hls_ib_trans_env.cif_router] wait for finish item complete over
UVM_INFO /lan/dsoft/pcie/ulasala/lbb_credit/verif/uvc_lib/cdn_pcie_hpa/sv/common/cdn_pcie_hpa_common/cdn_pcie_hpa_cif_tlp_router.sv(1465) @ 140500: uvm_test_top.sve.m_hls_ib_trans_env.cif_router [uvm_test_top.sve.m_hls_ib_trans_env.cif_router] DEBUG_CIF_ROUTER_POSTED: curr_tlp Posted TC =1 and CIF=0
UVM_INFO /lan/dsoft/pcie/ulasala/lbb_credit/verif/uvc_lib/cdn_pcie_hpa/sv/common/cdn_pcie_hpa_common/cdn_pcie_hpa_cif_tlp_router.sv(1586) @ 140500: uvm_test_top.sve.m_hls_ib_trans_env.cif_router [uvm_test_top.sve.m_hls_ib_trans_env.cif_router] bfm_driver() TLP driving  ... done
UVM_INFO /lan/dsoft/pcie/ulasala/lbb_credit/verif/uvc_lib/cdn_pcie_hpa/sv/common/cdn_pcie_hpa_common/cdn_pcie_hpa_cif_tlp_router.sv(1368) @ 140500: uvm_test_top.sve.m_hls_ib_trans_env.cif_router [uvm_test_top.sve.m_hls_ib_trans_env.cif_router] bfm_driver() Get TLP from sequencer... 
UVM_INFO /lan/dsoft/pcie/ulasala/lbb_credit/verif/uvc_lib/cdn_pcie_hls_bridge/sv/sequences/cdn_pcie_hls_bridge_tlp_seq.sv(190) @ 140500: uvm_test_top.hls_ib_tlp_sqr@@vseq.l_hls_ib_tlp_seq [cdn_pcie_hls_bridge_tlp_seq] Creating TLP11
UVM_INFO /lan/dsoft/pcie/ulasala/lbb_credit/verif/uvc_lib/cdn_pcie_hpa/sv/config/cdn_hpa_pcie_link_config.sv(396) @ 140500: uvm_test_top.m_link_config [cdn_hpa_pcie_link_config] pick_srcCfg(): save to list: 0
UVM_INFO /lan/dsoft/pcie/ulasala/lbb_credit/verif/uvc_lib/cdn_pcie_hpa/sv/config/cdn_hpa_pcie_link_config.sv(396) @ 140500: uvm_test_top.m_link_config [cdn_hpa_pcie_link_config] pick_srcCfg(): save to list: 1
UVM_INFO /lan/dsoft/pcie/ulasala/lbb_credit/verif/uvc_lib/cdn_pcie_hpa/sv/config/cdn_hpa_pcie_link_config.sv(485) @ 140500: uvm_test_top.m_link_config [cdn_hpa_pcie_link_config] pick_dstPfCfg(): save to list: 0
UVM_INFO /lan/dsoft/pcie/ulasala/lbb_credit/verif/uvc_lib/cdn_pcie_hpa/sv/config/cdn_hpa_pcie_link_config.sv(494) @ 140500: uvm_test_top.m_link_config [cdn_hpa_pcie_link_config] pick_dstPfCfg(): selected config from the list: 0
UVM_INFO /lan/dsoft/pcie/ulasala/lbb_credit/verif/uvc_lib/cdn_pcie_hpa/sv/config/../sequences/cdn_pcie_hpa_tl_cxs_seq_lib.sv(141) @ 140500: uvm_test_top.sve.m_hls_ib_posted_hal_env.cxs_env.act_agent.sequencer@@cdn_pcie_hpa_tlp2cxs_seq_h[0].l_cxs_seq [cdn_pcie_hpa_tl_cxs_data_seq] Started.
UVM_INFO /lan/dsoft/pcie/ulasala/lbb_credit/verif/uvc_lib/cdn_pcie_hls_bridge/sv/sequences/cdn_pcie_hls_bridge_tlp_seq.sv(158) @ 140500: uvm_test_top.hls_ib_tlp_sqr@@vseq.l_hls_ib_tlp_seq [cdn_pcie_hls_bridge_tlp_seq] compute_stream_id_table: per-TC stream IDs = '{-1, -1, -1, -1, -1, -1, -1, -1}, has_stream = '{'h0, 'h0, 'h0, 'h0, 'h0, 'h0, 'h0, 'h0}
UVM_INFO /lan/dsoft/pcie/ulasala/lbb_credit/verif/uvc_lib/cdn_pcie_tlp/cdn_hpa_pcie_tlp.sv(12197) @ 140500: uvm_test_top.hls_ib_tlp_sqr@@vseq.l_hls_ib_tlp_seq.tlp11 [uvm_test_top.m_vseqr.vseq.l_hls_ib_tlp_seq.tlp11] hpa_generation = hpa_generation_2, 
UVM_INFO /lan/dsoft/pcie/ulasala/lbb_credit/verif/uvc_lib/cdn_pcie_tlp/cdn_hpa_pcie_tlp.sv(12198) @ 140500: uvm_test_top.hls_ib_tlp_sqr@@vseq.l_hls_ib_tlp_seq.tlp11 [uvm_test_top.m_vseqr.vseq.l_hls_ib_tlp_seq.tlp11] is_flit_mode = 1 pcie_6_1_support=1, 
UVM_INFO /lan/dsoft/pcie/ulasala/lbb_credit/verif/uvc_lib/cdn_pcie_tlp/cdn_hpa_pcie_tlp.sv(12221) @ 140500: uvm_test_top.hls_ib_tlp_sqr@@vseq.l_hls_ib_tlp_seq.tlp11 [DEBUG_CXL_VER]  TLP File  cxl_ver =          3 cxl_mode=1  vdm_for_cxl=0 cxl_ldid_prefix=0, is_cxl_pbr_mode=0 m_pcie_dev_cfg.cxl_ldid=0001, m_cxl_ldid=0000,m_pcie_dev_cfg.m_pf_num=          1
UVM_INFO /lan/dsoft/pcie/ulasala/lbb_credit/verif/uvc_lib/cdn_pcie_hpa/sv/config/cdn_pcie_hpa_dev_top_config.sv(10604) @ 140500: uvm_test_top.m_remote_dev_top_config [cdn_pcie_hpa_dev_top_config] TC = [2] Mapped to VC = [5]
UVM_INFO /lan/dsoft/pcie/ulasala/lbb_credit/verif/uvc_lib/cdn_pcie_tlp/cdn_hpa_pcie_tlp.sv(12416) @ 140500: uvm_test_top.hls_ib_tlp_sqr@@vseq.l_hls_ib_tlp_seq.tlp11 [uvm_test_top.m_vseqr.vseq.l_hls_ib_tlp_seq.tlp11] m_tlp_type = CDN_HPA_PCIE_TLP_TYPE_MsgD, m_tlp_addr = f50464641aea6b70 
UVM_INFO /lan/dsoft/pcie/ulasala/lbb_credit/verif/uvc_lib/cdn_pcie_tlp/cdn_hpa_pcie_tlp.sv(12430) @ 140500: uvm_test_top.hls_ib_tlp_sqr@@vseq.l_hls_ib_tlp_seq.tlp11 [uvm_test_top.m_vseqr.vseq.l_hls_ib_tlp_seq.tlp11] m_tlp_tc = 2, m_tlp_tc_has_active_ide_stream = 0, m_ide_prefix_possible = 0, m_ide_prefix_present= 0, m_tlp_td: 0, m_sel_stream_possible = 0
UVM_INFO /lan/dsoft/pcie/ulasala/lbb_credit/verif/uvc_lib/cdn_pcie_tlp/cdn_hpa_pcie_tlp.sv(12617) @ 140500: uvm_test_top.hls_ib_tlp_sqr@@vseq.l_hls_ib_tlp_seq.tlp11 [uvm_test_top.m_vseqr.vseq.l_hls_ib_tlp_seq.tlp11] m_tlp_type = CDN_HPA_PCIE_TLP_TYPE_MsgD, m_tlp_msg_code = CDN_HPA_PCIE_TLP_MSG_VD_Type1 
UVM_INFO /lan/dsoft/pcie/ulasala/lbb_credit/verif/uvc_lib/cdn_pcie_hpa/sv/config/cdn_pcie_hpa_dev_top_config.sv(10604) @ 140500: uvm_test_top.m_remote_dev_top_config [cdn_pcie_hpa_dev_top_config] TC = [2] Mapped to VC = [5]
UVM_INFO /lan/dsoft/pcie/ulasala/lbb_credit/verif/uvc_lib/cdn_pcie_tlp/cdn_hpa_pcie_tlp.sv(12872) @ 140500: uvm_test_top.hls_ib_tlp_sqr@@vseq.l_hls_ib_tlp_seq.tlp11 [cdn_hpa_pcie_tlp] DEBUG_SEQ_ITEM:pre inclusion m_tlp_length = 1, m_tlp_payload.size() = 4, m_user_error_inject_obj.m_user_error_injects.size = 0 
UVM_INFO /lan/dsoft/pcie/ulasala/lbb_credit/verif/uvc_lib/cdn_pcie_tlp/cdn_hpa_pcie_tlp.sv(12874) @ 140500: uvm_test_top.hls_ib_tlp_sqr@@vseq.l_hls_ib_tlp_seq.tlp11 [DEBUG::DATA] DEBUG::DATA: m_tlp_type = CDN_HPA_PCIE_TLP_TYPE_MsgD, m_tlp_at_type = CDN_HPA_PCIE_AT_Untranslated, m_pasid_prefix_present = 0, m_pasid_value=0, m_max_pasid_val=1f
UVM_INFO /lan/dsoft/pcie/ulasala/lbb_credit/verif/uvc_lib/cdn_pcie_tlp/cdn_hpa_pcie_tlp.sv(14364) @ 140500: uvm_test_top.hls_ib_tlp_sqr@@vseq.l_hls_ib_tlp_seq.tlp11 [cdn_hpa_pcie_tlp] DEBUG_SEQ_ITEM:config_error_control 
 TLP no =11,
 enable_inject_errors = 0,
 top_cfg_enable_errors = 0,
 m_pcie_dev_top_cfg.freq_err = 180,
 tlp_sqr_handle.b2b_err_inj = 0,
 tlp_sqr_handle.pos_tlp_b2b_err_inj = 0,
, tlp_sqr_handle.num_tlp_b2b_err_inj = 0,
 tlp_sqr_handle.num_tlps = 0,
 m_pcie_dev_top_cfg.tc_vc_mapping_done =0,
 m_pcie_dev_top_cfg.dllp_err_inj=0,
 m_pcie_dev_top_cfg.dll_flit_err_inj =0,
 m_pcie_dev_top_cfg.tlp_err_inj=0, m_pcie_dev_top_cfg.poisoned_err_inj = 0, 
 m_pcie_dev_top_cfg.ecrc_err_inj = 0, 
 m_pcie_dev_top_cfg.mf_err_inj = 0, 
 m_pcie_dev_top_cfg.ur_err_inj = 0,
 m_pcie_dev_top_cfg.cpl_err_inj = 0,
 m_pcie_dev_top_cfg.plp_err_inj = 0, m_pcie_dev_top_cfg.ide_err_inj = 0, 
 error_control = 0,
 m_pcie_dev_top_cfg.num_errors = 0,
 m_pcie_dev_top_cfg.m_num_allowed_errors = 0, 
 m_scenario_error_inject = CDN_HPA_PCIE_TLP_NO_ERR 
  m_ptc_test_err_scen=0
UVM_INFO /lan/dsoft/pcie/ulasala/lbb_credit/verif/uvc_lib/cdn_pcie_tlp/cdn_hpa_pcie_tlp.sv(9401) @ 140500: uvm_test_top.hls_ib_tlp_sqr@@vseq.l_hls_ib_tlp_seq.tlp11 [uvm_test_top.m_vseqr.vseq.l_hls_ib_tlp_seq.tlp11] m_tlp_local_prefix=8d800000
UVM_INFO /lan/dsoft/pcie/ulasala/lbb_credit/verif/uvc_lib/cdn_pcie_tlp/cdn_hpa_pcie_tlp.sv(14158) @ 140500: uvm_test_top.hls_ib_tlp_sqr@@vseq.l_hls_ib_tlp_seq.tlp11 [cdn_hpa_pcie_tlp] DEBUG_SEQ_ITEM: m_data=0x8d800000__0x72440401__0x39014d7f__0x31d8e0b3__0x9be6d902__0xf800007b__0x27b21dcf
UVM_INFO /lan/dsoft/pcie/ulasala/lbb_credit/verif/uvc_lib/cdn_pcie_tlp/cdn_hpa_pcie_tlp.sv(14167) @ 140500: uvm_test_top.hls_ib_tlp_sqr@@vseq.l_hls_ib_tlp_seq.tlp11 [uvm_test_top.m_vseqr.vseq.l_hls_ib_tlp_seq.tlp11] m_tlp_td = 0, m_td_wo_ecrc = 0, m_no_td_ecrc = 0, pack_ecrc = 0
UVM_INFO /lan/dsoft/pcie/ulasala/lbb_credit/verif/uvc_lib/cdn_pcie_tlp/cdn_hpa_pcie_tlp.sv(14171) @ 140500: uvm_test_top.hls_ib_tlp_sqr@@vseq.l_hls_ib_tlp_seq.tlp11 [cdn_hpa_pcie_tlp] Modifying IDE TLP field to force Non-IDE TLP, force_non_ide_tlp = 0
UVM_INFO /lan/dsoft/pcie/ulasala/lbb_credit/verif/uvc_lib/cdn_pcie_tlp/cdn_hpa_pcie_tlp.sv(9401) @ 140500: uvm_test_top.hls_ib_tlp_sqr@@vseq.l_hls_ib_tlp_seq.tlp11 [uvm_test_top.m_vseqr.vseq.l_hls_ib_tlp_seq.tlp11] m_tlp_local_prefix=8d800000
UVM_INFO /lan/dsoft/pcie/ulasala/lbb_credit/verif/uvc_lib/cdn_pcie_tlp/cdn_hpa_pcie_tlp.sv(14251) @ 140500: uvm_test_top.hls_ib_tlp_sqr@@vseq.l_hls_ib_tlp_seq.tlp11 [cdn_hpa_pcie_tlp] DEBUG_ERR::TLP_NUM = 12, tlp_sent=12/m_tlp_formed=0/m_tlp_sent_all=0,m_tlp_formed_all=0, vip_user_data.has_err = 0, vip_userdata.m_error_injects = '{}, all_traffic_tlp = 0, m_ide_p = 0, m_ide_prefix_present = 0, m_ide_tlp_prefix = 74
UVM_INFO /lan/dsoft/pcie/ulasala/lbb_credit/verif/uvc_lib/cdn_pcie_tlp/cdn_pcie_vip_userdata.sv(710) @ 140500: reporter [cdn_pcie_vip_userdata] DEBUG_ERR::TLP_NUM = 12, 
 is_blocking_tr = 0,
 unique_id = 0,
 has_err = 0,
 m_error_injects = '{} 

UVM_INFO /lan/dsoft/pcie/ulasala/lbb_credit/verif/uvc_lib/cdn_pcie_tlp/cdn_hpa_pcie_tlp.sv(12840) @ 140500: uvm_test_top.hls_ib_tlp_sqr@@vseq.l_hls_ib_tlp_seq.tlp11 [DEBUG_CXL_VER]  TLP File cxl_ver =          3 cxl_mode=1  vdm_for_cxl=0 cxl_ldid_prefix=0 m_cxl_vdm_pm_logical_opcode=CDN_HPA_VDM_STD_VD_TYPE0 m_tlp_tc= 2 m_stream_id = 0 m_ide_t = 0 strap_is_rp = 1, tdisp_func_num = 1, tdisp_is_ib = 1,tdisp_stream_id = b51926d8,default_stream_id = b3015207, msg_type_tc_0 = 0
UVM_INFO /lan/dsoft/pcie/ulasala/lbb_credit/verif/uvc_lib/cdn_pcie_tlp/cdn_hpa_pcie_tlp.sv(12841) @ 140500: uvm_test_top.hls_ib_tlp_sqr@@vseq.l_hls_ib_tlp_seq.tlp11 [DEBUG_STREAM_SRC]  stream_src: use_user_defined_stream_id=1 m_stream_id_int=-1 m_stream_id=0 m_sel_stream_possible=0 m_ide_prefix_possible=0 m_ide_prefix_present=0 m_tlp_tc=2 m_tlp_msg_rout_type=CDN_HPA_PCIE_TLP_MSG_ROUT_BY_ID m_tlp_msg_code=CDN_HPA_PCIE_TLP_MSG_VD_Type1 usp_func_num=1
UVM_INFO /lan/dsoft/pcie/ulasala/lbb_credit/verif/uvc_lib/cdn_pcie_hls_bridge/sv/sequences/cdn_pcie_hls_bridge_tlp_seq.sv(441) @ 140500: uvm_test_top.hls_ib_tlp_sqr@@vseq.l_hls_ib_tlp_seq [cdn_pcie_hls_bridge_tlp_seq] Randomized TLP to target AXI = ------------------------------------------------------------------------------------------------------------------------------------------------------
Name                              Type              Size  Value                                                                                       
------------------------------------------------------------------------------------------------------------------------------------------------------
tlp11                             cdn_hpa_pcie_tlp  -     @4142997                                                                                    
  begin_time                      time              64    140500                                                                                      
  depth                           int               32    'd3                                                                                         
  parent sequence (name)          string            16    l_hls_ib_tlp_seq                                                                            
  parent sequence (full name)     string            42    uvm_test_top.m_vseqr.vseq.l_hls_ib_tlp_seq                                                  
  sequencer                       string            27    uvm_test_top.hls_ib_tlp_sqr                                                                 
  is_ide_tlp                      integral          1     'h0                                                                                         
  is_flit_mode                    integral          1     'h1                                                                                         
  pcie_6_1_support                integral          1     'h1                                                                                         
  cxl_mode                        integral          1     'h1                                                                                         
  cxl_sbsa_test                   integral          1     'h0                                                                                         
  is_cxl_pbr_mode                 integral          1     'h0                                                                                         
  hpa_generation                  string            16    hpa_generation_2                                                                            
  apply_directed_tlp              integral          1     'h0                                                                                         
  axi_region_prog                 integral          1     'h0                                                                                         
  m_tlp_req_type                  string            29    CDN_HPA_PCIE_TRANS_POSTED_REQ                                                               
  m_tlp_type                      string            26    CDN_HPA_PCIE_TLP_TYPE_MsgD                                                                  
  m_tlp_trans_type                string            27    CDN_HPA_PCIE_TRANS_MSG_TYPE                                                                 
  m_tlp_vdm_msg_subtype           string            33    CDN_HPA_PCIE_TLP_VDM_STD_VD_TYPE1                                                           
  m_type                          integral          8     'h72                                                                                        
  m_tlp_tc                        integral          3     'h2                                                                                         
  m_ohc_hdr                       string            92    '{ohc_ex_present:no_ohc_ex_present, ohc_c_present:'h1, ohc_b_present:'h0, ohc_a_present:'h0}
  m_ts                            string            23    CDN_HPA_PCIE_NO_TRAILER                                                                     
  m_tlp_attr                      integral          3     'h1                                                                                         
  m_tlp_length                    integral          10    'h1                                                                                         
  vendor_definition_vd_msg_7bits  integral          7     'h4d                                                                                        
  m_tlp_ep                        integral          1     'h0                                                                                         
  m_tlp_msg_code                  string            29    CDN_HPA_PCIE_TLP_MSG_VD_Type1                                                               
  m_tlp_msg_rout_type             string            31    CDN_HPA_PCIE_TLP_MSG_ROUT_BY_ID                                                             
  m_tlp_requester_id              integral          16    'h3901                                                                                      
  m_tlp_completer_id              integral          16    'h31d8                                                                                      
  m_tlp_vendor_id                 integral          16    'he0b3                                                                                      
  m_tlp_vendor_msg_4th_DW         integral          32    'h9be6d902                                                                                  
  m_tlp_vdm_msg_subtype           string            33    CDN_HPA_PCIE_TLP_VDM_STD_VD_TYPE1                                                           
  m_tlp_uses_dedicated_credits    integral          1     'h1                                                                                         
  m_max_no_of_local_prefixes      integral          2     'h1                                                                                         
  m_local_prefix_possible         integral          1     'h0                                                                                         
  m_tlp_local_prefix[0]           integral          32    'h8d800000                                                                                  
  m_tlp_local_prefix_data[0]      integral          24    'h800000                                                                                    
  m_hdr_type_local_prefix[0]      string            35    CDN_HPA_PCIE_FLIT_MODE_LOCAL_PREFIX                                                         
  m_ohc_c                         integral          32    'hf8000078                                                                                  
  m_requester_segment             integral          8     'hf8                                                                                        
  m_pr_sent_counter               integral          8     'h0                                                                                         
  m_stream_id                     integral          8     'h0                                                                                         
  m_sub_stream                    integral          4     'h7                                                                                         
  m_requester_segment_valid       integral          1     'h1                                                                                         
  m_ide_k                         integral          1     'h0                                                                                         
  m_ide_t                         integral          1     'h0                                                                                         
  m_tlp_payload[0]                integral          8     'h27                                                                                        
  m_tlp_payload[1]                integral          8     'hb2                                                                                        
  m_tlp_payload[2]                integral          8     'h1d                                                                                        
  m_tlp_payload[3]                integral          8     'hcf                                                                                        
  m_ohc_c_byte_3_field_2_rsvd     integral          1     'h0                                                                                         
  pkt_num                         integral          32    'h0                                                                                         
  p_pkt_num                       integral          32    'h0                                                                                         
  pkt_rx_time                     time              64    0                                                                                           
  is_ib_pkt                       integral          1     'h0                                                                                         
  m_cpl_part                      integral          32    'h0                                                                                         
  m_expect_enderror               integral          1     'h0                                                                                         
  cxl_io_tlp                      integral          1     'h0                                                                                         
  cxl_io_rcrb_tlp                 integral          1     'h0                                                                                         
  cxl_io_membar_tlp               integral          1     'h0                                                                                         
  m_data_3DW                      string            34    0x72440401__0x39014d7f__0x31d8e0b3                                                          
------------------------------------------------------------------------------------------------------------------------------------------------------

UVM_INFO /s/scratch06/pcie/vipcat_nightly/vipcat_11.30.112-29_Jun_2026_11_48_52/tools.lnx86/denali_64bit/ddvapi/sv/uvm/cxs/cdnCxsUvmDriver.sv(70) @ 140500: uvm_test_top.sve.m_hls_ib_posted_hal_env.cxs_env.act_agent.driver [DRIVER] Queueing transaction:
-------------------------------------------------------------------------------------------------------------------------------------
Name                           Type                        Size  Value                                                               
-------------------------------------------------------------------------------------------------------------------------------------
m_req                          cdn_hpa_cxs_trans           -     @4140994                                                            
  Type                         denaliCxsTrTypeT            32    DENALI_CXS_TR_Data                                                  
  DataSizeInBits               integral                    32    'hc1c0ae4e                                                          
  PortNum                      integral                    32    'h0xxxxxxxx                                                         
  Callback                     denaliCxsCbPointT           32    DENALI_CXS_CB_UNSET                                                 
  ErrorString                  string                      0     ""                                                                  
  ErrorId                      denaliCxsErrorTypeT         32    DENALI_CXS_NO_ERROR                                                 
  ErrorInfo                    integral                    32    'h0xxxxxxxx                                                         
  UserData                     integral                    32    'h3fc6f72c                                                          
  Delay                        integral                    32    'h0                                                                 
  DataPerPktTx                 da(integral)                0     -                                                                   
  DataPerPktRx                 da(integral)                0     -                                                                   
  FlitDataTx                   da(integral)                0     -                                                                   
  FlitDataRx                   da(integral)                0     -                                                                   
  DataChkTx                    da(integral)                0     -                                                                   
  DataChkRx                    da(integral)                0     -                                                                   
  ControlChkTx                 integral                    8     'h0xx                                                               
  ControlChkRx                 integral                    8     'h0xx                                                               
  Data                         da(integral)                136   -                                                                   
    [0]                        integral                    8     'h8e                                                                
    [1]                        integral                    8     'h8e                                                                
    [2]                        integral                    8     'hae                                                                
    [3]                        integral                    8     'h78                                                                
    [4]                        integral                    8     'h60                                                                
    ...                        ...                         ...   ...                                                                 
    [131]                      integral                    8     'h52                                                                
    [132]                      integral                    8     'h73                                                                
    [133]                      integral                    8     'h92                                                                
    [134]                      integral                    8     'he3                                                                
    [135]                      integral                    8     'hf9                                                                
  CurStartPtrsTx               da(integral)                0     -                                                                   
  CurEndPtrsTx                 da(integral)                0     -                                                                   
  CurEndPktSizeTx              da(integral)                0     -                                                                   
  CurEndErrsTx                 integral                    4     'h0x                                                                
  CurEndErrTx                  integral                    1     'h0X                                                                
  CurStartPtrsRx               da(integral)                0     -                                                                   
  CurEndPtrsRx                 da(integral)                0     -                                                                   
  CurEndPktSizeRx              da(integral)                0     -                                                                   
  CurEndErrsRx                 integral                    4     'h0x                                                                
  CurEndErrRx                  integral                    1     'h0X                                                                
  CurStartPtrTx                integral                    32    'h0xxxxxxxx                                                         
  CurEndPtrTx                  integral                    32    'h0xxxxxxxx                                                         
  CurPktLengthTx               integral                    32    'h0xxxxxxxx                                                         
  CurStartPtrRx                integral                    32    'h0xxxxxxxx                                                         
  CurEndPtrRx                  integral                    32    'h0xxxxxxxx                                                         
  CurPktLengthRx               integral                    32    'h0xxxxxxxx                                                         
  CurStartedPktTx              integral                    4     'h0x                                                                
  CurEndedPktTx                integral                    4     'h0x                                                                
  CurStartedPktRx              integral                    4     'h0x                                                                
  CurEndedPktRx                integral                    4     'h0x                                                                
  Start                        da(integral)                0     -                                                                   
  StartPtrs0                   da(integral)                0     -                                                                   
  StartPtrs1                   da(integral)                0     -                                                                   
  StartPtrs2                   da(integral)                0     -                                                                   
  StartPtrs3                   da(integral)                0     -                                                                   
  End                          da(integral)                0     -                                                                   
  EndPtrs0                     da(integral)                0     -                                                                   
  EndPtrs1                     da(integral)                0     -                                                                   
  EndPtrs2                     da(integral)                0     -                                                                   
  EndPtrs3                     da(integral)                0     -                                                                   
  NumOfBeatsPerTransaction     integral                    32    'h0xxxxxxxx                                                         
  DataWidth                    integral                    32    'h100                                                               
  MinCrdToValidDelay           integral                    32    'h1                                                                 
  MaxCrdToValidDelay           integral                    32    'h1                                                                 
  MaxPktLength                 integral                    32    'h1044                                                              
  MinPktLength                 integral                    32    'h0                                                                 
  MaxPktsPerBeat               integral                    4     'h2                                                                 
  NumOfBytesInBeat             integral                    32    'h20                                                                
  ValidDelay                   integral                    32    'h0                                                                 
  NumOfPkts                    integral                    32    'h2                                                                 
  EndErrs                      da(integral)                0     -                                                                   
  PktsErrs                     da(integral)                2     -                                                                   
    [0]                        integral                    1     'h0                                                                 
    [1]                        integral                    1     'h0                                                                 
  PktSize                      da(integral)                2     -                                                                   
    [0]                        integral                    32    'h58                                                                
    [1]                        integral                    32    'h30                                                                
  Pkt0EopPtr                   integral                    5     'he                                                                 
  Pkt0Err                      integral                    1     'h1                                                                 
  Pkt1Sop                      integral                    1     'h1                                                                 
  Pkt1SopPtr                   integral                    3     'h7                                                                 
  Pkt1Eop                      integral                    1     'h1                                                                 
  Pkt1EopPtr                   integral                    5     'h0                                                                 
  Pkt1Err                      integral                    1     'h0                                                                 
  ActDeactReq                  integral                    1     'h1                                                                 
  ActDeactAck                  integral                    1     'h0                                                                 
  ActDeactHint                 integral                    1     'h1                                                                 
  CreditToValidDelay           integral                    32    'h1                                                                 
  PerBeatDelay                 da(integral)                0     -                                                                   
  PktStartTime                 integral                    64    'h7c187a819959182e                                                  
  PktEndTime                   integral                    64    'h2144b9df94bd6ce0                                                  
  PktStartTimeRx               integral                    64    'h5671c69c6aa8d54f                                                  
  PktEndTimeRx                 integral                    64    'h15fad9aac267885d                                                  
  StartedPerFlitTx             integral                    4     'h5                                                                 
  EndedPerFlitTx               integral                    4     'h3                                                                 
  StartedPerFlitRx             integral                    4     'ha                                                                 
  EndedPerFlitRx               integral                    4     'h3                                                                 
  UserControl                  da(integral)                28    -                                                                   
    [0]                        integral                    8     'h3                                                                 
    [1]                        integral                    8     'h3                                                                 
    [2]                        integral                    8     'h0                                                                 
    [3]                        integral                    8     'h74                                                                
    [4]                        integral                    8     'h3f                                                                
    ...                        ...                         ...   ...                                                                 
    [23]                       integral                    8     'h5a                                                                
    [24]                       integral                    8     'h27                                                                
    [25]                       integral                    8     'h11                                                                
    [26]                       integral                    8     'hf4                                                                
    [27]                       integral                    8     'h7                                                                 
  UserControlWidth             integral                    32    'he0                                                                
  UserControlChk               da(integral)                0     -                                                                   
  SopGranularityVal            integral                    32    'h10                                                                
  FlitControlTx                da(integral)                0     -                                                                   
  FlitControlRx                da(integral)                0     -                                                                   
  FlitEndedErr                 denaliCxsFlitEndedErrTypeT  32    DENALI_CXS_FLIT_ENDED_UNSET                                         
  PktGap                       da(integral)                2     -                                                                   
    [0]                        integral                    32    'h0                                                                 
    [1]                        integral                    32    'h0                                                                 
  FlitProtocolType             da(integral)                0     -                                                                   
  FlitProtocolTypeChk          da(integral)                0     -                                                                   
  FlitLast                     da(integral)                0     -                                                                   
  FlitLastChk                  da(integral)                0     -                                                                   
  UserControlAtEndFlag         da(integral)                0     -                                                                   
  HasUserControl               integral                    1     'h0X                                                                
  HasUserControlAtEndFlag      integral                    1     'h0X                                                                
  ProtocolType                 da(integral)                0     -                                                                   
  PktSrcId                     da(integral)                0     -                                                                   
  SrcId                        integral                    8     'h0xx                                                               
  PktTgtId                     da(integral)                0     -                                                                   
  TgtId                        integral                    8     'h0xx                                                               
  PktUser                      da(integral)                0     -                                                                   
  User                         da(integral)                0     -                                                                   
  pcy                          da(object)                  0     -                                                                   
  begin_time                   time                        64    140500                                                              
  depth                        int                         32    'd3                                                                 
  parent sequence (name)       string                      9     l_cxs_seq                                                           
  parent sequence (full name)  string                      60    uvm_test_top.m_vseqr.cdn_pcie_hpa_tlp2cxs_seq_h[0].l_cxs_seq        
  sequencer                    string                      68    uvm_test_top.sve.m_hls_ib_posted_hal_env.cxs_env.act_agent.sequencer
-------------------------------------------------------------------------------------------------------------------------------------


UVM_INFO /lan/dsoft/pcie/ulasala/lbb_credit/verif/uvc_lib/cdn_pcie_hpa/sv/common/cdn_pcie_hpa_common/cdn_pcie_hpa_cif_tlp_router.sv(1373) @ 140500: uvm_test_top.sve.m_hls_ib_trans_env.cif_router [uvm_test_top.sve.m_hls_ib_trans_env.cif_router] tlp_router(): misc_if.ob_traffic_detected=0 misc_if.ob_traffic_cnt=0
UVM_INFO /lan/dsoft/pcie/ulasala/lbb_credit/verif/uvc_lib/cdn_pcie_hpa/sv/common/cdn_pcie_hpa_common/cdn_pcie_hpa_cif_tlp_router.sv(1374) @ 140500: uvm_test_top.sve.m_hls_ib_trans_env.cif_router [uvm_test_top.sve.m_hls_ib_trans_env.cif_router] bfm_driver() Got TLP from sequencer... ------------------------------------------------------------------------------------------------------------------------------------------------------
Name                              Type              Size  Value                                                                                       
------------------------------------------------------------------------------------------------------------------------------------------------------
tlp11                             cdn_hpa_pcie_tlp  -     @4142997                                                                                    
  begin_time                      time              64    140500                                                                                      
  depth                           int               32    'd3                                                                                         
  parent sequence (name)          string            16    l_hls_ib_tlp_seq                                                                            
  parent sequence (full name)     string            42    uvm_test_top.m_vseqr.vseq.l_hls_ib_tlp_seq                                                  
  sequencer                       string            27    uvm_test_top.hls_ib_tlp_sqr                                                                 
  is_ide_tlp                      integral          1     'h0                                                                                         
  is_flit_mode                    integral          1     'h1                                                                                         
  pcie_6_1_support                integral          1     'h1                                                                                         
  cxl_mode                        integral          1     'h1                                                                                         
  cxl_sbsa_test                   integral          1     'h0                                                                                         
  is_cxl_pbr_mode                 integral          1     'h0                                                                                         
  hpa_generation                  string            16    hpa_generation_2                                                                            
  apply_directed_tlp              integral          1     'h0                                                                                         
  axi_region_prog                 integral          1     'h0                                                                                         
  m_tlp_req_type                  string            29    CDN_HPA_PCIE_TRANS_POSTED_REQ                                                               
  m_tlp_type                      string            26    CDN_HPA_PCIE_TLP_TYPE_MsgD                                                                  
  m_tlp_trans_type                string            27    CDN_HPA_PCIE_TRANS_MSG_TYPE                                                                 
  m_tlp_vdm_msg_subtype           string            33    CDN_HPA_PCIE_TLP_VDM_STD_VD_TYPE1                                                           
  m_type                          integral          8     'h72                                                                                        
  m_tlp_tc                        integral          3     'h2                                                                                         
  m_ohc_hdr                       string            92    '{ohc_ex_present:no_ohc_ex_present, ohc_c_present:'h1, ohc_b_present:'h0, ohc_a_present:'h0}
  m_ts                            string            23    CDN_HPA_PCIE_NO_TRAILER                                                                     
  m_tlp_attr                      integral          3     'h1                                                                                         
  m_tlp_length                    integral          10    'h1                                                                                         
  vendor_definition_vd_msg_7bits  integral          7     'h4d                                                                                        
  m_tlp_ep                        integral          1     'h0                                                                                         
  m_tlp_msg_code                  string            29    CDN_HPA_PCIE_TLP_MSG_VD_Type1                                                               
  m_tlp_msg_rout_type             string            31    CDN_HPA_PCIE_TLP_MSG_ROUT_BY_ID                                                             
  m_tlp_requester_id              integral          16    'h3901                                                                                      
  m_tlp_completer_id              integral          16    'h31d8                                                                                      
  m_tlp_vendor_id                 integral          16    'he0b3                                                                                      
  m_tlp_vendor_msg_4th_DW         integral          32    'h9be6d902                                                                                  
  m_tlp_vdm_msg_subtype           string            33    CDN_HPA_PCIE_TLP_VDM_STD_VD_TYPE1                                                           
  m_tlp_uses_dedicated_credits    integral          1     'h1                                                                                         
  m_max_no_of_local_prefixes      integral          2     'h1                                                                                         
  m_local_prefix_possible         integral          1     'h0                                                                                         
  m_tlp_local_prefix[0]           integral          32    'h8d800000                                                                                  
  m_tlp_local_prefix_data[0]      integral          24    'h800000                                                                                    
  m_hdr_type_local_prefix[0]      string            35    CDN_HPA_PCIE_FLIT_MODE_LOCAL_PREFIX                                                         
  m_ohc_c                         integral          32    'hf8000078                                                                                  
  m_requester_segment             integral          8     'hf8                                                                                        
  m_pr_sent_counter               integral          8     'h0                                                                                         
  m_stream_id                     integral          8     'h0                                                                                         
  m_sub_stream                    integral          4     'h7                                                                                         
  m_requester_segment_valid       integral          1     'h1                                                                                         
  m_ide_k                         integral          1     'h0                                                                                         
  m_ide_t                         integral          1     'h0                                                                                         
  m_tlp_payload[0]                integral          8     'h27                                                                                        
  m_tlp_payload[1]                integral          8     'hb2                                                                                        
  m_tlp_payload[2]                integral          8     'h1d                                                                                        
  m_tlp_payload[3]                integral          8     'hcf                                                                                        
  m_ohc_c_byte_3_field_2_rsvd     integral          1     'h0                                                                                         
  pkt_num                         integral          32    'h0                                                                                         
  p_pkt_num                       integral          32    'h0                                                                                         
  pkt_rx_time                     time              64    0                                                                                           
  is_ib_pkt                       integral          1     'h0                                                                                         
  m_cpl_part                      integral          32    'h0                                                                                         
  m_expect_enderror               integral          1     'h0                                                                                         
  cxl_io_tlp                      integral          1     'h0                                                                                         
  cxl_io_rcrb_tlp                 integral          1     'h0                                                                                         
  cxl_io_membar_tlp               integral          1     'h0                                                                                         
  m_data_3DW                      string            34    0x72440401__0x39014d7f__0x31d8e0b3                                                          
------------------------------------------------------------------------------------------------------------------------------------------------------

UVM_INFO /lan/dsoft/pcie/ulasala/lbb_credit/verif/uvc_lib/cdn_pcie_hpa/sv/common/cdn_pcie_hpa_common/cdn_pcie_hpa_cif_tlp_router.sv(1377) @ 140500: uvm_test_top.sve.m_hls_ib_trans_env.cif_router [uvm_test_top.sve.m_hls_ib_trans_env.cif_router] DEBUG_CIF_ROUTER_POSTED: pri_msi_msix_msg =0 bar_msi_msix_en=0
UVM_INFO /lan/dsoft/pcie/ulasala/lbb_credit/verif/uvc_lib/cdn_pcie_hpa/sv/config/cdn_pcie_hpa_dev_top_config.sv(10604) @ 140500: uvm_test_top.m_remote_dev_top_config [cdn_pcie_hpa_dev_top_config] TC = [2] Mapped to VC = [5]
xmsim: *E,ASRTST (/lan/dsoft/pcie/ulasala/lbb_credit/rtl/hls_bridge/hls_bridge_qos_counter.v,216): (time 140500 PS) Assertion cdn_pcie_hls_bridge_tb_top.i_dut.g_hls_bridge_qos.u_hls_bridge_qos.g_qos_counter[28].i_hls_bridge_qos_counter.a_lti_c_internal_counter_ofverflow has failed 
*Denali* [STREAM_INFO_MSG][instance: uvm_test_top.sve.m_qos_slv_env.psv_agent][@140500 ps] 	End of Test Summary: 	Packets sent: 0	Transfers sent: 0
*Denali* [STREAM_INFO_MSG][instance: uvm_test_top.sve.m_qos_slv_env.act_agent][@140500 ps] 	End of Test Summary: 	Packets sent: 0	Transfers sent: 0
*Denali* [STREAM_INFO_MSG][instance: uvm_test_top.sve.m_qos_mst_env[1].psv_agent][@140500 ps] 	End of Test Summary: 	Packets sent: 0	Transfers sent: 0
*Denali* [STREAM_INFO_MSG][instance: uvm_test_top.sve.m_qos_mst_env[1].act_agent][@140500 ps] 	End of Test Summary: 	Packets sent: 0	Transfers sent: 0
*Denali* [STREAM_INFO_MSG][instance: uvm_test_top.sve.m_qos_mst_env[0].psv_agent][@140500 ps] 	End of Test Summary: 	Packets sent: 1	Transfers sent: 1
*Denali* [STREAM_INFO_MSG][instance: uvm_test_top.sve.m_qos_mst_env[0].act_agent][@140500 ps] 	End of Test Summary: 	Packets sent: 1	Transfers sent: 1
*Denali* [STREAM_INFO_MSG][instance: uvm_test_top.sve.m_qos_msi_env.psv_agent][@140500 ps] 	End of Test Summary: 	Packets sent: 0	Transfers sent: 0
*Denali* [STREAM_INFO_MSG][instance: uvm_test_top.sve.m_lti_c_tx_env[1].psv_agent][@140500 ps] 	End of Test Summary: 	Packets sent: 0	Transfers sent: 0
*Denali* [STREAM_INFO_MSG][instance: uvm_test_top.sve.m_lti_c_tx_env[1].act_agent][@140500 ps] 	End of Test Summary: 	Packets sent: 0	Transfers sent: 0
*Denali* [STREAM_INFO_MSG][instance: uvm_test_top.sve.m_lti_c_tx_env[0].psv_agent][@140500 ps] 	End of Test Summary: 	Packets sent: 0	Transfers sent: 0
*Denali* [STREAM_INFO_MSG][instance: uvm_test_top.sve.m_lti_c_tx_env[0].act_agent][@140500 ps] 	End of Test Summary: 	Packets sent: 0	Transfers sent: 0
*Denali* [STREAM_INFO_MSG][instance: uvm_test_top.sve.m_lti_c_rx_env.psv_agent][@140500 ps] 	End of Test Summary: 	Packets sent: 0	Transfers sent: 0
*Denali* [STREAM_INFO_MSG][instance: uvm_test_top.sve.m_lti_c_rx_env.act_agent][@140500 ps] 	End of Test Summary: 	Packets sent: 0	Transfers sent: 0
*Denali* [DENALI_CXS_INFO_MSG][instance: uvm_test_top.sve.m_hls_ob_posted_hal_env.cxs_env.psv_agent][@140500 ps] End of Test Summary: 	TX Packets: 0	RX Packets: 0
*Denali* [DENALI_CXS_INFO_MSG][instance: uvm_test_top.sve.m_hls_ob_posted_hal_env.cxs_env.act_agent][@140500 ps] End of Test Summary: 	TX Packets: 0	RX Packets: 0
*Denali* [DENALI_CXS_INFO_MSG][instance: uvm_test_top.sve.m_hls_ob_posted_axi_env[1].cxs_env.psv_agent][@140500 ps] End of Test Summary: 	TX Packets: 0	RX Packets: 0
*Denali* [DENALI_CXS_INFO_MSG][instance: uvm_test_top.sve.m_hls_ob_posted_axi_env[1].cxs_env.act_agent][@140500 ps] End of Test Summary: 	TX Packets: 0	RX Packets: 0
*Denali* [DENALI_CXS_INFO_MSG][instance: uvm_test_top.sve.m_hls_ob_posted_axi_env[0].cxs_env.psv_agent][@140500 ps] End of Test Summary: 	TX Packets: 0	RX Packets: 0
*Denali* [DENALI_CXS_INFO_MSG][instance: uvm_test_top.sve.m_hls_ob_posted_axi_env[0].cxs_env.act_agent][@140500 ps] End of Test Summary: 	TX Packets: 0	RX Packets: 0
*Denali* [DENALI_CXS_INFO_MSG][instance: uvm_test_top.sve.m_hls_ob_nonposted_hal_env.cxs_env.psv_agent][@140500 ps] End of Test Summary: 	TX Packets: 0	RX Packets: 0
*Denali* [DENALI_CXS_INFO_MSG][instance: uvm_test_top.sve.m_hls_ob_nonposted_hal_env.cxs_env.act_agent][@140500 ps] End of Test Summary: 	TX Packets: 0	RX Packets: 0
*Denali* [DENALI_CXS_INFO_MSG][instance: uvm_test_top.sve.m_hls_ob_nonposted_axi_env[1].cxs_env.psv_agent][@140500 ps] End of Test Summary: 	TX Packets: 0	RX Packets: 0
*Denali* [DENALI_CXS_INFO_MSG][instance: uvm_test_top.sve.m_hls_ob_nonposted_axi_env[1].cxs_env.act_agent][@140500 ps] End of Test Summary: 	TX Packets: 0	RX Packets: 0
*Denali* [DENALI_CXS_INFO_MSG][instance: uvm_test_top.sve.m_hls_ob_nonposted_axi_env[0].cxs_env.psv_agent][@140500 ps] End of Test Summary: 	TX Packets: 0	RX Packets: 0
*Denali* [DENALI_CXS_INFO_MSG][instance: uvm_test_top.sve.m_hls_ob_nonposted_axi_env[0].cxs_env.act_agent][@140500 ps] End of Test Summary: 	TX Packets: 0	RX Packets: 0
*Denali* [DENALI_CXS_INFO_MSG][instance: uvm_test_top.sve.m_hls_ob_compl_hal_env.cxs_env.psv_agent][@140500 ps] End of Test Summary: 	TX Packets: 0	RX Packets: 0
*Denali* [DENALI_CXS_INFO_MSG][instance: uvm_test_top.sve.m_hls_ob_compl_hal_env.cxs_env.act_agent][@140500 ps] End of Test Summary: 	TX Packets: 0	RX Packets: 0
*Denali* [DENALI_CXS_INFO_MSG][instance: uvm_test_top.sve.m_hls_ob_compl_axi_env[1].cxs_env.psv_agent][@140500 ps] End of Test Summary: 	TX Packets: 0	RX Packets: 0
*Denali* [DENALI_CXS_INFO_MSG][instance: uvm_test_top.sve.m_hls_ob_compl_axi_env[1].cxs_env.act_agent][@140500 ps] End of Test Summary: 	TX Packets: 0	RX Packets: 0
*Denali* [DENALI_CXS_INFO_MSG][instance: uvm_test_top.sve.m_hls_ob_compl_axi_env[0].cxs_env.psv_agent][@140500 ps] End of Test Summary: 	TX Packets: 0	RX Packets: 0
*Denali* [DENALI_CXS_INFO_MSG][instance: uvm_test_top.sve.m_hls_ob_compl_axi_env[0].cxs_env.act_agent][@140500 ps] End of Test Summary: 	TX Packets: 0	RX Packets: 0
*Denali* [DENALI_CXS_INFO_MSG][instance: uvm_test_top.sve.m_hls_ib_posted_hal_env.cxs_env.psv_agent][@140500 ps] End of Test Summary: 	TX Packets: 4	RX Packets: 0
*Denali* [DENALI_CXS_INFO_MSG][instance: uvm_test_top.sve.m_hls_ib_posted_hal_env.cxs_env.act_agent][@140500 ps] End of Test Summary: 	TX Packets: 4	RX Packets: 0
*Denali* [DENALI_CXS_INFO_MSG][instance: uvm_test_top.sve.m_hls_ib_posted_axi_env[1].cxs_env.psv_agent][@140500 ps] End of Test Summary: 	TX Packets: 0	RX Packets: 0
*Denali* [DENALI_CXS_INFO_MSG][instance: uvm_test_top.sve.m_hls_ib_posted_axi_env[1].cxs_env.act_agent][@140500 ps] End of Test Summary: 	TX Packets: 0	RX Packets: 0
*Denali* [DENALI_CXS_INFO_MSG][instance: uvm_test_top.sve.m_hls_ib_posted_axi_env[0].cxs_env.psv_agent][@140500 ps] End of Test Summary: 	TX Packets: 0	RX Packets: 0
*Denali* [DENALI_CXS_INFO_MSG][instance: uvm_test_top.sve.m_hls_ib_posted_axi_env[0].cxs_env.act_agent][@140500 ps] End of Test Summary: 	TX Packets: 0	RX Packets: 0
*Denali* [DENALI_CXS_INFO_MSG][instance: uvm_test_top.sve.m_hls_ib_nonposted_hal_env.cxs_env.psv_agent][@140500 ps] End of Test Summary: 	TX Packets: 2	RX Packets: 0
*Denali* [DENALI_CXS_INFO_MSG][instance: uvm_test_top.sve.m_hls_ib_nonposted_hal_env.cxs_env.act_agent][@140500 ps] End of Test Summary: 	TX Packets: 2	RX Packets: 0
*Denali* [DENALI_CXS_INFO_MSG][instance: uvm_test_top.sve.m_hls_ib_nonposted_axi_env[1].cxs_env.psv_agent][@140500 ps] End of Test Summary: 	TX Packets: 0	RX Packets: 0
*Denali* [DENALI_CXS_INFO_MSG][instance: uvm_test_top.sve.m_hls_ib_nonposted_axi_env[1].cxs_env.act_agent][@140500 ps] End of Test Summary: 	TX Packets: 0	RX Packets: 0
*Denali* [DENALI_CXS_INFO_MSG][instance: uvm_test_top.sve.m_hls_ib_nonposted_axi_env[0].cxs_env.psv_agent][@140500 ps] End of Test Summary: 	TX Packets: 0	RX Packets: 0
*Denali* [DENALI_CXS_INFO_MSG][instance: uvm_test_top.sve.m_hls_ib_nonposted_axi_env[0].cxs_env.act_agent][@140500 ps] End of Test Summary: 	TX Packets: 0	RX Packets: 0
*Denali* [DENALI_CXS_INFO_MSG][instance: uvm_test_top.sve.m_hls_ib_compl_hal_env.cxs_env.psv_agent][@140500 ps] End of Test Summary: 	TX Packets: 0	RX Packets: 0
*Denali* [DENALI_CXS_INFO_MSG][instance: uvm_test_top.sve.m_hls_ib_compl_hal_env.cxs_env.act_agent][@140500 ps] End of Test Summary: 	TX Packets: 0	RX Packets: 0
*Denali* [DENALI_CXS_INFO_MSG][instance: uvm_test_top.sve.m_hls_ib_compl_axi_env[1].cxs_env.psv_agent][@140500 ps] End of Test Summary: 	TX Packets: 0	RX Packets: 0
*Denali* [DENALI_CXS_INFO_MSG][instance: uvm_test_top.sve.m_hls_ib_compl_axi_env[1].cxs_env.act_agent][@140500 ps] End of Test Summary: 	TX Packets: 0	RX Packets: 0
*Denali* [DENALI_CXS_INFO_MSG][instance: uvm_test_top.sve.m_hls_ib_compl_axi_env[0].cxs_env.psv_agent][@140500 ps] End of Test Summary: 	TX Packets: 0	RX Packets: 0
*Denali* [DENALI_CXS_INFO_MSG][instance: uvm_test_top.sve.m_hls_ib_compl_axi_env[0].cxs_env.act_agent][@140500 ps] End of Test Summary: 	TX Packets: 0	RX Packets: 0
*Denali* [STREAM_INFO_MSG][instance: uvm_test_top.sve.m_hdr2log_slv_env.psv_agent][@140500 ps] 	End of Test Summary: 	Packets sent: 0	Transfers sent: 0
*Denali* [STREAM_INFO_MSG][instance: uvm_test_top.sve.m_hdr2log_slv_env.act_agent][@140500 ps] 	End of Test Summary: 	Packets sent: 0	Transfers sent: 0
*Denali* [STREAM_INFO_MSG][instance: uvm_test_top.sve.m_hdr2log_mst_env[1].psv_agent][@140500 ps] 	End of Test Summary: 	Packets sent: 0	Transfers sent: 0
*Denali* [STREAM_INFO_MSG][instance: uvm_test_top.sve.m_hdr2log_mst_env[1].act_agent][@140500 ps] 	End of Test Summary: 	Packets sent: 0	Transfers sent: 0
*Denali* [STREAM_INFO_MSG][instance: uvm_test_top.sve.m_hdr2log_mst_env[0].psv_agent][@140500 ps] 	End of Test Summary: 	Packets sent: 0	Transfers sent: 0
*Denali* [STREAM_INFO_MSG][instance: uvm_test_top.sve.m_hdr2log_mst_env[0].act_agent][@140500 ps] 	End of Test Summary: 	Packets sent: 0	Transfers sent: 0
*Denali* [STREAM_INFO_MSG][instance: uvm_test_top.sve.m_dc_slv_env.psv_agent][@140500 ps] 	End of Test Summary: 	Packets sent: 0	Transfers sent: 0
*Denali* [STREAM_INFO_MSG][instance: uvm_test_top.sve.m_dc_slv_env.act_agent][@140500 ps] 	End of Test Summary: 	Packets sent: 0	Transfers sent: 0
*Denali* [STREAM_INFO_MSG][instance: uvm_test_top.sve.m_dc_mst_env[1].psv_agent][@140500 ps] 	End of Test Summary: 	Packets sent: 0	Transfers sent: 0
*Denali* [STREAM_INFO_MSG][instance: uvm_test_top.sve.m_dc_mst_env[1].act_agent][@140500 ps] 	End of Test Summary: 	Packets sent: 0	Transfers sent: 0
*Denali* [STREAM_INFO_MSG][instance: uvm_test_top.sve.m_dc_mst_env[0].psv_agent][@140500 ps] 	End of Test Summary: 	Packets sent: 0	Transfers sent: 0
*Denali* [STREAM_INFO_MSG][instance: uvm_test_top.sve.m_dc_mst_env[0].act_agent][@140500 ps] 	End of Test Summary: 	Packets sent: 0	Transfers sent: 0
*Denali* [STREAM_INFO_MSG][instance: uvm_test_top.sve.m_axis_msi_slv_env.psv_agent][@140500 ps] 	End of Test Summary: 	Packets sent: 0	Transfers sent: 0
*Denali* [STREAM_INFO_MSG][instance: uvm_test_top.sve.m_axis_msi_slv_env.act_agent][@140500 ps] 	End of Test Summary: 	Packets sent: 0	Transfers sent: 0
*Denali* [CDN_AXI_INFO_MSG][instance: uvm_test_top.sve.m_axi_lite_slv_env.psv_agent][@140500 ps]     End of Test Summary: 	Detected clock cycle period: 1000
*Denali* [CDN_AXI_INFO_MSG][instance: uvm_test_top.sve.m_axi_lite_slv_env.psv_agent][@140500 ps]     End of Test Summary: 	Write bursts sent: 0	Read bursts sent: 0
*Denali* [CDN_AXI_INFO_MSG][instance: uvm_test_top.sve.m_axi_lite_slv_env.act_agent][@140500 ps]     End of Test Summary: 	Detected clock cycle period: 1000
*Denali* [CDN_AXI_INFO_MSG][instance: uvm_test_top.sve.m_axi_lite_slv_env.act_agent][@140500 ps]     End of Test Summary: 	Write bursts sent: 0	Read bursts sent: 0
*Denali* [CDN_AXI_INFO_MSG][instance: uvm_test_top.sve.m_axi_lite_mst_env.psv_agent][@140500 ps]     End of Test Summary: 	Detected clock cycle period: 1000
*Denali* [CDN_AXI_INFO_MSG][instance: uvm_test_top.sve.m_axi_lite_mst_env.psv_agent][@140500 ps]     End of Test Summary: 	Write bursts sent: 11	Read bursts sent: 0
*Denali* [CDN_AXI_INFO_MSG][instance: uvm_test_top.sve.m_axi_lite_mst_env.act_agent][@140500 ps]     End of Test Summary: 	Detected clock cycle period: 1000
*Denali* [CDN_AXI_INFO_MSG][instance: uvm_test_top.sve.m_axi_lite_mst_env.act_agent][@140500 ps]     End of Test Summary: 	Write bursts sent: 11	Read bursts sent: 0
*Denali* [CDN_AXI_INFO_MSG][instance: uvm_test_top.sve.m_axi_lite_mst_env.act_agent][@140500 ps]    End of Test Summary: 	Discarded write: 0	Discarded read: 0
xmsim: *F,MAXERR: Maximum error count of 1 reached (Total number of errors detected were 1).
xmsim: Memory Usage - Final: 2790.4M, Peak: 2829.5M, Peak virtual: 3790.1M
xmsim: CPU Usage - 3.0s system + 31.2s user = 34.1s total (36.6s, 93.1% cpu)
TOOL:	xrun(64)	25.03-a071: Exiting on Jul 26, 2026 at 10:1
